Const,Your Rating,Date Rated,Title,Original Title,URL,Title Type,IMDb Rating,Runtime (mins),Year,Genres,Num Votes,Release Date,Directors,Picture URL
tt32376165,2,2025-11-22,A House of Dynamite,A House of Dynamite,https://www.imdb.com/title/tt32376165,Movie,6.4,112,2025,"Thriller, Drama",87125,2025-10-24,Kathryn Bigelow,https://m.media-amazon.com/images/M/MV5BNjAzMjQ4YTUtOGI1Yy00YTFkLTlkMDQtMDEwOWNjYmE3MTU1XkEyXkFqcGc@._V1_FMjpg_UX1000_._UX300.jpg
tt6604188,5,2025-11-22,Tron: Ares,Tron: Ares,https://www.imdb.com/title/tt6604188,Movie,6.5,119,2025,"Action, Adventure, Sci-Fi",36785,2025-10-10,Joachim Rønning,https://m.media-amazon.com/images/M/MV5BYzk0NjE4NzYtZjc5Ni00MTkxLTgyY2QtZjliOTA5N2U2YzM1XkEyXkFqcGc@._V1_FMjpg_UX1000_._UX300.jpg
tt1856101,5,2025-11-16,Blade Runner 2049,Blade Runner 2049,https://www.imdb.com/title/tt1856101,Movie,8.0,164,2017,"Sci-Fi, Thriller, Action, Drama, Mystery",734598,2017-10-06,Denis Villeneuve,https://m.media-amazon.com/images/M/MV5BNzA1Njg4NzYxOV5BMl5BanBnXkFtZTgwODk5NjU3MzI@._V1_FMjpg_UX1000_._UX300.jpg
tt8946378,6,2025-11-15,Knives Out,Knives Out,https://www.imdb.com/title/tt8946378,Movie,7.9,130,2019,"Crime, Mystery, Thriller, Drama, Comedy",838095,2019-11-27,Rian Johnson,https://m.media-amazon.com/images/M/MV5BZDU5ZTRkYmItZjg0Mi00ZTQwLThjMWItNWM3MTMxMzVjZmVjXkEyXkFqcGc@._V1_FMjpg_UX1000_._UX300.jpg
tt35933611,8,2025-11-15,Lovesick,You bing cai hui xi huan ni,https://www.imdb.com/title/tt35933611,Movie,6.6,110,2025,"Drama, Romance",345,2025-04-02,Fu-Hsiang Hsu,https://m.media-amazon.com/images/M/MV5BM2M0NzE2MmQtMWRjZi00OTAzLWJkOTktNjQ1N2IzYjg4NDU4XkEyXkFqcGc@._V1_FMjpg_UX1000_._UX300.jpg
tt38349157,8,2025-11-08,Deadline,Deadline,https://www.imdb.com/title/tt38349157,Movie,7.0,117,2025,,28,2025-11-07,Kiwi Chow,https://m.media-amazon.com/images/M/MV5BNmZlMjc5NDctMmM3MS00YThiLWEyYjEtOTdiMGI2ZDk3MzhjXkEyXkFqcGc@._V1_FMjpg_UX1000_._UX300.jpg
tt5323662,8,2025-11-08,A Silent Voice: The Movie,Koe no Katachi,https://www.imdb.com/title/tt5323662,Movie,8.2,130,2016,"Animation, Drama",131517,2016-09-17,Naoko Yamada,https://m.media-amazon.com/images/M/MV5BOTFiNzRiOWEtYTQwNy00NmRiLWE0ZWYtNTE0YjExZjFmZjkwXkEyXkFqcGc@._V1_FMjpg_UX1000_._UX300.jpg
tt9335498,8,2025-11-02,Demon Slayer: Kimetsu no Yaiba,Kimetsu no Yaiba,https://www.imdb.com/title/tt9335498,TV Series,8.6,24,2019,"Animation, Action, Fantasy, Thriller, Adventure",209349,2021-01-22,,https://m.media-amazon.com/images/M/MV5BMWU1OGEwNmQtNGM3MS00YTYyLThmYmMtN2FjYzQzNzNmNTE0XkEyXkFqcGc@._V1_FMjpg_UX1000_._UX300.jpg
tt31711040,7,2025-09-28,Look Back,Rukku Bakku,https://www.imdb.com/title/tt31711040,Movie,7.8,58,2024,"Animation, Drama",18669,2024-11-07,Kiyotaka Oshiyama,https://m.media-amazon.com/images/M/MV5BZGFmNTZjYmMtMDVjMC00NDkwLWE4NGQtNWIzY2ZjOTRhZTExXkEyXkFqcGc@._V1_FMjpg_UX1000_._UX300.jpg
tt16311594,9,2025-09-27,F1: The Movie,F1,https://www.imdb.com/title/tt16311594,Movie,7.7,155,2025,"Sport, Drama, Action",245561,2025-06-27,Joseph Kosinski,https://m.media-amazon.com/images/M/MV5BNmZmMWZhMzEtYmUyMS00ODg3LTlkNmItZTc1MTk1YjQ5NGFlXkEyXkFqcGc@._V1_FMjpg_UX1000_._UX300.jpg
tt35222590,5,2025-09-23,The Exit 8,8-ban deguchi,https://www.imdb.com/title/tt35222590,Movie,6.5,95,2025,"Horror, Mystery, Thriller, Action, Adventure",3964,2025-08-29,Genki Kawamura,https://m.media-amazon.com/images/M/MV5BMTkyN2ZjM2YtNTE2Yi00MzNjLWIzYzEtOWNhNzgzNjE0OTJjXkEyXkFqcGc@._V1_FMjpg_UX1000_._UX300.jpg
tt31036941,5,2025-08-24,Jurassic World: Rebirth,Jurassic World: Rebirth,https://www.imdb.com/title/tt31036941,Movie,5.9,133,2025,"Thriller, Action, Adventure, Sci-Fi",156029,2025-07-02,Gareth Edwards,https://m.media-amazon.com/images/M/MV5BMmRmZjEyM2UtM2FjOS00YTJjLTg3NDAtZWYxODFkMWI5M2VjXkEyXkFqcGc@._V1_FMjpg_UX1000_._UX300.jpg
tt31806049,4,2025-08-23,Brick,Brick,https://www.imdb.com/title/tt31806049,Movie,5.5,99,2025,"Sci-Fi, Mystery, Thriller, Drama",23603,2025-07-10,Philip Koch,https://m.media-amazon.com/images/M/MV5BMGRjZTI5NmEtNWQzNi00ZDUxLWFmZmQtOGFiZmNkZGY1MDc5XkEyXkFqcGc@._V1_FMjpg_UX1000_._UX300.jpg
tt36988358,8,2025-08-16,Takopi's Original Sin,Takopii no genzai,https://www.imdb.com/title/tt36988358,TV Mini Series,8.7,30,2025,"Animation, Drama, Sci-Fi",21840,2025-06-27,,https://m.media-amazon.com/images/M/MV5BYmRkN2I1OGEtOWM3Yi00NjViLWJjMDktYTNmZTMxYjBiNTU3XkEyXkFqcGc@._V1_FMjpg_UX1000_._UX300.jpg
tt20969586,7,2025-07-27,Thunderbolts*,Thunderbolts*,https://www.imdb.com/title/tt20969586,Movie,7.1,127,2025,"Action, Adventure, Sci-Fi, Crime, Drama, Fantasy",242620,2025-05-02,Jake Schreier,https://m.media-amazon.com/images/M/MV5BYWE2NmNmYTItZGY0ZC00MmY2LTk1NDAtMGUyMGEzMjcxNWM0XkEyXkFqcGc@._V1_FMjpg_UX1000_._UX300.jpg
tt26743210,8,2025-07-25,How to Train Your Dragon,How to Train Your Dragon,https://www.imdb.com/title/tt26743210,Movie,7.8,125,2025,"Adventure, Action, Family, Fantasy, Comedy, Drama",108786,2025-06-13,Dean DeBlois,https://m.media-amazon.com/images/M/MV5BODA5Y2M0NjctNWQzMy00ODRhLWE0MzUtYmE1YTAzZjYyYmQyXkEyXkFqcGc@._V1_FMjpg_UX1000_._UX300.jpg
tt2560140,9,2025-07-19,Attack on Titan,Shingeki no Kyojin,https://www.imdb.com/title/tt2560140,TV Series,9.1,24,2013,"Animation, Fantasy, Horror, Adventure, Drama, Action",662958,2013-09-28,,https://m.media-amazon.com/images/M/MV5BZjliODY5MzQtMmViZC00MTZmLWFhMWMtMjMwM2I3OGY1MTRiXkEyXkFqcGc@._V1_FMjpg_UX1000_._UX300.jpg
tt36856455,5,2025-07-01,Trainwreck: Poop Cruise,Trainwreck: Poop Cruise,https://www.imdb.com/title/tt36856455,Movie,6.0,55,2025,Documentary,8656,2025-06-24,James Ross,https://m.media-amazon.com/images/M/MV5BZDIwNTMzMjEtNmRkNy00ODNlLWE5MjEtYzlmMzM1ODA0MTBlXkEyXkFqcGc@._V1_FMjpg_UX1000_._UX300.jpg
tt14099796,5,2025-06-20,The Goldfinger,Jin shou zhi,https://www.imdb.com/title/tt14099796,Movie,6.2,126,2023,"Action, Crime, Drama",1744,2023-12-30,Felix Chong,https://m.media-amazon.com/images/M/MV5BMmIyOTc2NDYtZDY5OS00OTNhLTk5ZjQtYTkxNDMyMjhjYzYzXkEyXkFqcGc@._V1_FMjpg_UX1000_._UX300.jpg
tt1201607,8,2025-06-15,Harry Potter and the Deathly Hallows: Part 2,Harry Potter and the Deathly Hallows: Part 2,https://www.imdb.com/title/tt1201607,Movie,8.1,130,2011,"Adventure, Mystery, Fantasy, Family",1021993,2011-07-15,David Yates,https://m.media-amazon.com/images/M/MV5BOTA1Mzc2N2ItZWRiNS00MjQzLTlmZDQtMjU0NmY1YWRkMGQ4XkEyXkFqcGc@._V1_FMjpg_UX1000_._UX300.jpg
tt0926084,7,2025-06-15,Harry Potter and the Deathly Hallows: Part 1,Harry Potter and the Deathly Hallows: Part 1,https://www.imdb.com/title/tt0926084,Movie,7.7,146,2010,"Adventure, Mystery, Fantasy, Family",647744,2010-11-19,David Yates,https://m.media-amazon.com/images/M/MV5BMTQ2OTE1Mjk0N15BMl5BanBnXkFtZTcwODE3MDAwNA@@._V1_FMjpg_UX1000_._UX300.jpg
tt0417741,5,2025-06-14,Harry Potter and the Half-Blood Prince,Harry Potter and the Half-Blood Prince,https://www.imdb.com/title/tt0417741,Movie,7.6,153,2009,"Action, Fantasy, Mystery, Family, Adventure",643784,2009-07-15,David Yates,https://m.media-amazon.com/images/M/MV5BNzU3NDg4NTAyNV5BMl5BanBnXkFtZTcwOTg2ODg1Mg@@._V1_FMjpg_UX1000_._UX300.jpg
tt0373889,7,2025-06-11,Harry Potter and the Order of the Phoenix,Harry Potter and the Order of the Phoenix,https://www.imdb.com/title/tt0373889,Movie,7.5,138,2007,"Action, Family, Fantasy, Mystery, Adventure",683199,2007-07-11,David Yates,https://m.media-amazon.com/images/M/MV5BYWJmM2M1YzItMjY1Ni00YzRmLTg5YWYtNDFmNTJjNzQ0ODkyXkEyXkFqcGc@._V1_FMjpg_UX1000_._UX300.jpg
tt9603212,7,2025-06-10,Mission: Impossible - Dead Reckoning Part One,Mission: Impossible - Dead Reckoning Part One,https://www.imdb.com/title/tt9603212,Movie,7.6,163,2023,"Action, Adventure, Thriller",316511,2023-07-12,Christopher McQuarrie,https://m.media-amazon.com/images/M/MV5BN2U4OTdmM2QtZTkxYy00ZmQyLTg2N2UtMDdmMGJmNDhlZDU1XkEyXkFqcGc@._V1_FMjpg_UX1000_._UX300.jpg
tt4772188,5,2025-06-10,Flow,Straume,https://www.imdb.com/title/tt4772188,Movie,7.9,85,2024,"Animation, Adventure, Fantasy, Family",99969,2025-02-14,Gints Zilbalodis,https://m.media-amazon.com/images/M/MV5BOTM5ODBlOTAtYjcwZi00YzkzLWIzODEtMTM2MTZlNDFmMWU2XkEyXkFqcGc@._V1_FMjpg_UX1000_._UX300.jpg
tt0330373,7,2025-06-03,Harry Potter and the Goblet of Fire,Harry Potter and the Goblet of Fire,https://www.imdb.com/title/tt0330373,Movie,7.7,157,2005,"Mystery, Family, Adventure, Fantasy",734942,2005-11-18,Mike Newell,https://m.media-amazon.com/images/M/MV5BMTI1NDMyMjExOF5BMl5BanBnXkFtZTcwOTc4MjQzMQ@@._V1_FMjpg_UX1000_._UX300.jpg
tt0304141,7,2025-06-03,Harry Potter and the Prisoner of Azkaban,Harry Potter and the Prisoner of Azkaban,https://www.imdb.com/title/tt0304141,Movie,7.9,142,2004,"Mystery, Family, Adventure, Fantasy",748434,2004-06-04,Alfonso Cuarón,https://m.media-amazon.com/images/M/MV5BMTY4NTIwODg0N15BMl5BanBnXkFtZTcwOTc0MjEzMw@@._V1_FMjpg_UX1000_._UX300.jpg
tt32828869,6,2025-05-31,Once Upon a Time in HKDSE,Once Upon a Time in HKDSE,https://www.imdb.com/title/tt32828869,Movie,7.6,90,2024,Documentary,63,2024-04-07,Yik-ho Leung,https://m.media-amazon.com/images/M/MV5BZWI4ZDg3YzMtZDUwMy00YmNhLThmYmUtMzcwNTRiMmU1ZDYzXkEyXkFqcGc@._V1_FMjpg_UX1000_._UX300.jpg
tt0295297,7,2025-05-24,Harry Potter and the Chamber of Secrets,Harry Potter and the Chamber of Secrets,https://www.imdb.com/title/tt0295297,Movie,7.5,161,2002,"Mystery, Family, Adventure, Fantasy",748122,2002-11-15,Chris Columbus,https://m.media-amazon.com/images/M/MV5BNGJhM2M2MWYtZjIzMC00MDZmLThkY2EtOWViMDhhYjRhMzk4XkEyXkFqcGc@._V1_FMjpg_UX1000_._UX300.jpg
tt0241527,7,2025-05-22,Harry Potter and the Sorcerer's Stone,Harry Potter and the Sorcerer's Stone,https://www.imdb.com/title/tt0241527,Movie,7.7,152,2001,"Family, Adventure, Fantasy",927284,2001-11-16,Chris Columbus,https://m.media-amazon.com/images/M/MV5BNTU1MzgyMDMtMzBlZS00YzczLThmYWEtMjU3YmFlOWEyMjE1XkEyXkFqcGc@._V1_FMjpg_UX1000_._UX300.jpg
tt20215234,7,2025-05-20,Conclave,Conclave,https://www.imdb.com/title/tt20215234,Movie,7.4,120,2024,"Thriller, Drama",225598,2024-10-25,Edward Berger,https://m.media-amazon.com/images/M/MV5BNjBmOTc4MTItNTA1Yi00MjRlLWI0OTgtYmFiNjRjYjQzNGY2XkEyXkFqcGc@._V1_FMjpg_UX1000_._UX300.jpg
tt0903747,8,2025-05-11,Breaking Bad,Breaking Bad,https://www.imdb.com/title/tt0903747,TV Series,9.5,45,2008,"Drama, Crime, Thriller",2431040,2008-01-20,,https://m.media-amazon.com/images/M/MV5BMzU5ZGYzNmQtMTdhYy00OGRiLTg0NmQtYjVjNzliZTg1ZGE4XkEyXkFqcGc@._V1_FMjpg_UX1000_._UX300.jpg
tt2084970,8,2025-04-13,The Imitation Game,The Imitation Game,https://www.imdb.com/title/tt2084970,Movie,8.0,114,2014,"Drama, Biography, Thriller, War",866094,2014-12-25,Morten Tyldum,https://m.media-amazon.com/images/M/MV5BNjI3NjY1Mjg3MV5BMl5BanBnXkFtZTgwMzk5MDQ3MjE@._V1_FMjpg_UX1000_._UX300.jpg
tt35590630,6,2025-03-30,American Murder: Gabby Petito,American Murder: Gabby Petito,https://www.imdb.com/title/tt35590630,TV Mini Series,7.1,40,2025,"Documentary, Crime",13184,2025-02-17,,https://m.media-amazon.com/images/M/MV5BOGE3MTcwNjMtNWI5Yi00ZTgzLTk0NGMtOGE5ODAxMzkyYjFhXkEyXkFqcGc@._V1_FMjpg_UX1000_._UX300.jpg
tt3230854,9,2025-03-14,The Expanse,The Expanse,https://www.imdb.com/title/tt3230854,TV Series,8.5,60,2015,"Mystery, Sci-Fi, Drama",187513,2015-11-23,,https://m.media-amazon.com/images/M/MV5BYzUyYmI3MjctY2Q2MC00NmFjLTgwZGUtNWQzZWNlYmVjNzE2XkEyXkFqcGc@._V1_FMjpg_UX1000_._UX300.jpg
tt12299608,7,2025-03-14,Mickey 17,Mickey 17,https://www.imdb.com/title/tt12299608,Movie,6.7,137,2025,"Sci-Fi, Adventure, Fantasy, Comedy",212362,2025-03-07,Bong Joon Ho,https://m.media-amazon.com/images/M/MV5BZGQwYmEzMzktYzBmMy00NmVmLTkyYTUtOTYyZjliZDNhZGVkXkEyXkFqcGc@._V1_FMjpg_UX1000_._UX300.jpg
tt1677720,7,2025-02-22,Ready Player One,Ready Player One,https://www.imdb.com/title/tt1677720,Movie,7.4,140,2018,"Sci-Fi, Action, Adventure",530617,2018-03-29,Steven Spielberg,https://m.media-amazon.com/images/M/MV5BNzVkMTgzODQtMWIwZC00NzE4LTgzZjYtMzAwM2I5OGZhNjE4XkEyXkFqcGc@._V1_FMjpg_UX1000_._UX300.jpg
tt1423953,6,2025-02-22,Raiâ gêmu: Za fainaru sutêji,Raiâ gêmu: Za fainaru sutêji,https://www.imdb.com/title/tt1423953,Movie,7.1,133,2010,"Drama, Thriller",1437,2010-03-06,Hiroaki Matsuyama,https://m.media-amazon.com/images/M/MV5BZDVjNDM5MDQtMmVkZi00MTAxLWIyYTQtOThhODUxNzYwMTEyXkEyXkFqcGc@._V1_FMjpg_UX1000_._UX300.jpg
tt0978076,5,2025-02-22,Liar Game,Liar Game,https://www.imdb.com/title/tt0978076,TV Series,8.0,36,2007,"Drama, Thriller",2546,2007-04-14,,https://m.media-amazon.com/images/M/MV5BODUwODg2ZTEtZDJlOC00MzZlLWFkZDMtYzBlMjMyZjA4MTk1XkEyXkFqcGc@._V1_FMjpg_UX1000_._UX300.jpg
tt27881515,9,2025-01-21,In Broad Daylight,Bak yat ji ha,https://www.imdb.com/title/tt27881515,Movie,7.3,106,2023,Drama,1081,2023-11-02,Lawrence Kwan Chun Kan,https://m.media-amazon.com/images/M/MV5BMjkxMzA1ZjktMmYwMy00YWQ2LWIyZTItOTgwZjdiMDlmZDRlXkEyXkFqcGc@._V1_FMjpg_UX1000_._UX300.jpg
tt27881474,8,2025-01-19,Time Still Turns the Pages,Nin siu yat gei,https://www.imdb.com/title/tt27881474,Movie,7.7,95,2023,Drama,2041,2023-11-16,Nick Cheuk,https://m.media-amazon.com/images/M/MV5BNTQ4YWNkMGEtM2NiZi00ZGI2LTk1NTItZDhiOGUwMWM0YzlmXkEyXkFqcGc@._V1_FMjpg_UX1000_._UX300.jpg
tt21382296,6,2025-01-11,Carry-On,Carry-On,https://www.imdb.com/title/tt21382296,Movie,6.5,119,2024,"Action, Thriller, Crime",183649,2024-12-13,Jaume Collet-Serra,https://m.media-amazon.com/images/M/MV5BNTNkMjQzNmQtNzE4ZC00NDlmLTkyYjAtZDZkYTQ5NjBmYThlXkEyXkFqcGc@._V1_FMjpg_UX1000_._UX300.jpg
tt29495090,9,2024-11-24,Cesium Fallout,Fan sing,https://www.imdb.com/title/tt29495090,Movie,6.3,135,2024,"Drama, Thriller",1060,2024-11-08,Anthony Pun,https://m.media-amazon.com/images/M/MV5BNjY4ZWM5MTYtZTBmNC00YTY0LWFmOTItMTM5MWRiMDE4YzhiXkEyXkFqcGc@._V1_FMjpg_UX1000_._UX300.jpg
tt31648020,8,2024-11-17,The Last Dance,Po · Dei juk,https://www.imdb.com/title/tt31648020,Movie,7.7,126,2024,Drama,3229,2024-11-09,Anselm Chan,https://m.media-amazon.com/images/M/MV5BNTI2YzA2MzItOWE1NS00YjJmLTg2MWUtZDJlY2ExYmQ1ODFkXkEyXkFqcGc@._V1_FMjpg_UX1000_._UX300.jpg
tt0877057,7,2024-11-11,Death Note,Death Note: Desu nôto,https://www.imdb.com/title/tt0877057,TV Series,8.9,24,2006,"Animation, Mystery, Crime, Thriller, Fantasy, Drama",453378,2007-10-21,,https://m.media-amazon.com/images/M/MV5BYTgyZDhmMTEtZDFhNi00MTc4LTg3NjUtYWJlNGE5Mzk2NzMxXkEyXkFqcGc@._V1_FMjpg_UX1000_._UX300.jpg
tt18412256,7,2024-08-26,Alien: Romulus,Alien: Romulus,https://www.imdb.com/title/tt18412256,Movie,7.1,119,2024,"Horror, Sci-Fi, Thriller",273517,2024-08-16,Fede Alvarez,https://m.media-amazon.com/images/M/MV5BZDI5MTZlYmEtNGM1Zi00MmViLWIzNmUtMmE2Mjg0ZTA1YTRmXkEyXkFqcGc@._V1_FMjpg_UX1000_._UX300.jpg
tt21975436,8,2024-08-15,Kaiju No. 8,Kaiju No. 8,https://www.imdb.com/title/tt21975436,TV Series,8.2,24,2024,"Animation, Action, Sci-Fi, Adventure",28197,2024-04-13,,https://m.media-amazon.com/images/M/MV5BM2VmNTc3OWQtOTVmMy00MGZlLTk3N2QtM2YwZDE5MWVjZmM5XkEyXkFqcGc@._V1_FMjpg_UX1000_._UX300.jpg
tt21822078,7,2024-08-06,The Mole,The Mole,https://www.imdb.com/title/tt21822078,TV Series,7.5,45,2022,"Game-Show, Reality-TV, Adventure, Mystery",5528,2022-10-07,,https://m.media-amazon.com/images/M/MV5BYWM5NmY2YzEtNzc4Ni00YTc0LWExMjUtNzRlYjk4Yjk4YjAxXkEyXkFqcGc@._V1_FMjpg_UX1000_._UX300.jpg
tt30423279,6,2024-07-30,The 8 Show,Deo Eiteu Syo,https://www.imdb.com/title/tt30423279,TV Series,7.2,60,2024,"Drama, Mystery, Thriller, Comedy, Horror",19899,2024-05-17,,https://m.media-amazon.com/images/M/MV5BYjM1OWEzZDctMTZkZS00ZjIyLTk5OGEtZGIzZWZhNjNlNmM5XkEyXkFqcGc@._V1_FMjpg_UX1000_._UX300.jpg
tt11286314,7,2024-07-14,Don't Look Up,Don't Look Up,https://www.imdb.com/title/tt11286314,Movie,7.2,138,2021,"Comedy, Drama, Sci-Fi",655051,2021-12-24,Adam McKay,https://m.media-amazon.com/images/M/MV5BMjhhNWFjNzctYTJjOS00MDc0LThiNjItZmM0ZDVmMWViY2UzXkEyXkFqcGc@._V1_FMjpg_UX1000_._UX300.jpg
tt13429870,7,2024-07-12,Robot Dreams,Robot Dreams,https://www.imdb.com/title/tt13429870,Movie,7.6,103,2023,"Animation, Drama, Comedy, Family",23192,2024-06-07,Pablo Berger,https://m.media-amazon.com/images/M/MV5BZTljMTBlMjEtZWU4MS00MjU3LWExYTUtMzNiMjkzNDgzMDU2XkEyXkFqcGc@._V1_FMjpg_UX1000_._UX300.jpg
tt22022452,7,2024-07-04,Inside Out 2,Inside Out 2,https://www.imdb.com/title/tt22022452,Movie,7.5,96,2024,"Animation, Adventure, Comedy, Drama, Family, Fantasy, Sport",236230,2024-06-14,Kelsey Mann,https://m.media-amazon.com/images/M/MV5BYTA4NmExMmEtYTFhYi00MTQ1LWJjMmItMWRjNjFhNTM3MzMwXkEyXkFqcGc@._V1_FMjpg_UX1000_._UX300.jpg
tt13433802,6,2024-06-27,A Quiet Place: Day One,A Quiet Place: Day One,https://www.imdb.com/title/tt13433802,Movie,6.3,99,2024,"Drama, Horror, Sci-Fi, Thriller",164748,2024-06-28,Michael Sarnoski,https://m.media-amazon.com/images/M/MV5BMGNhY2E5MTktOGU0OC00ZjVhLWIwNTQtZmNhZDUxODI5YWNiXkEyXkFqcGc@._V1_FMjpg_UX1000_._UX300.jpg
tt20316748,7,2024-06-27,Twilight of the Warriors: Walled In,Jiu Long cheng zhai: Wei cheng,https://www.imdb.com/title/tt20316748,Movie,6.9,126,2024,"Action, Thriller, Crime",11325,2024-05-01,Soi Cheang,https://m.media-amazon.com/images/M/MV5BYTIzODllOTItMmQ3ZC00Yzg0LTg3NjgtZjBiODNmYzViYTE0XkEyXkFqcGc@._V1_FMjpg_UX1000_._UX300.jpg
tt3469046,3,2024-06-26,Despicable Me 3,Despicable Me 3,https://www.imdb.com/title/tt3469046,Movie,6.3,89,2017,"Animation, Adventure, Comedy, Family, Sci-Fi, Crime",175126,2017-06-30,"Kyle Balda,Pierre Coffin,Eric Guillon",https://m.media-amazon.com/images/M/MV5BNjUyNzQ2MTg3Ml5BMl5BanBnXkFtZTgwNzE4NDM3MTI@._V1_FMjpg_UX1000_._UX300.jpg
tt8633062,7,2024-06-21,The Wilds,The Wilds,https://www.imdb.com/title/tt8633062,TV Series,7.3,60,2020,"Drama, Adventure, Mystery",26875,2020-12-11,,https://m.media-amazon.com/images/M/MV5BNWNlMTg4MGItOWNlZS00ODJiLWI3NDEtMTA1MjQ4YjU5ZTMxXkEyXkFqcGc@._V1_FMjpg_UX1000_._UX300.jpg
tt7078180,8,2024-06-18,Violet Evergarden,Violet Evergarden,https://www.imdb.com/title/tt7078180,TV Mini Series,8.4,24,2018,"Animation, Drama, Sci-Fi, Fantasy, Romance",37974,2020-08-22,,https://m.media-amazon.com/images/M/MV5BMWUwNDFiNjQtYjQ0MC00MTcxLWE0MGQtNTdkYTlhZGU2NDFmXkEyXkFqcGc@._V1_FMjpg_UX1000_._UX300.jpg
tt24082438,8,2024-06-16,20 Days in Mariupol,20 Days in Mariupol,https://www.imdb.com/title/tt24082438,Movie,8.5,97,2023,"Documentary, War",27000,2023-11-21,Mstyslav Chernov,https://m.media-amazon.com/images/M/MV5BZmY2ODlmNmQtODQ2MS00OTlkLWIyNTEtNzhhNTEyNjNjMjdjXkEyXkFqcGc@._V1_FMjpg_UX1000_._UX300.jpg
tt0362227,7,2024-06-16,The Terminal,The Terminal,https://www.imdb.com/title/tt0362227,Movie,7.4,128,2004,"Drama, Comedy, Romance",525740,2004-06-18,Steven Spielberg,https://m.media-amazon.com/images/M/MV5BMTM1MTIwNTMxOF5BMl5BanBnXkFtZTcwNjIxMjQyMw@@._V1_FMjpg_UX1000_._UX300.jpg
tt2098220,8,2024-05-28,Hunter x Hunter,Hunter x Hunter,https://www.imdb.com/title/tt2098220,TV Series,9.0,24,2011,"Animation, Adventure, Comedy, Action, Fantasy",179953,2016-04-17,,https://m.media-amazon.com/images/M/MV5BYzYxOTlkYzctNGY2MC00MjNjLWIxOWMtY2QwYjcxZWIwMmEwXkEyXkFqcGc@._V1_FMjpg_UX1000_._UX300.jpg
tt31843865,6,2024-05-25,A Balloon's Landing,Wo zai zhe li deng ni,https://www.imdb.com/title/tt31843865,Movie,6.7,100,2024,Drama,686,2024-05-10,Angel Ihan Teng,https://m.media-amazon.com/images/M/MV5BODU4YjI4MDgtZDU4Ni00MzkzLWIxZDUtZDczOTg2ZjBkNmM0XkEyXkFqcGc@._V1_FMjpg_UX1000_._UX300.jpg
tt0945513,6,2024-05-20,Source Code,Source Code,https://www.imdb.com/title/tt0945513,Movie,7.5,93,2011,"Sci-Fi, Thriller, Action, Drama, Mystery",575362,2011-04-01,Duncan Jones,https://m.media-amazon.com/images/M/MV5BMTY0MTc3MzMzNV5BMl5BanBnXkFtZTcwNDE4MjE0NA@@._V1_FMjpg_UX1000_._UX300.jpg
tt13210170,5,2024-05-14,Hand Rolled Cigarette,Shou juan yan,https://www.imdb.com/title/tt13210170,Movie,6.6,101,2020,"Drama, Crime",1129,2021-06-17,Kin-Long Chan,https://m.media-amazon.com/images/M/MV5BMjdkZmJlNzQtYTlkMy00ODQxLWJlZWMtMmNiNDhiODRkNWIwXkEyXkFqcGc@._V1_FMjpg_UX1000_._UX300.jpg
tt26160190,7,2024-05-14,Unlocked,Seumateuponeul tteoreotteuryeosseul ppuninde,https://www.imdb.com/title/tt26160190,Movie,6.4,117,2023,"Crime, Thriller, Drama, Mystery",13353,2023-02-17,Kim Tae-joon,https://m.media-amazon.com/images/M/MV5BNDYyNTU4ZmItOTZmMi00YWNhLWFiNzUtOGMyZmE2ZDkzYzFmXkEyXkFqcGc@._V1_FMjpg_UX1000_._UX300.jpg
tt6823368,6,2024-05-12,Glass,Glass,https://www.imdb.com/title/tt6823368,Movie,6.6,129,2019,"Thriller, Drama, Sci-Fi, Horror",299144,2019-01-18,M. Night Shyamalan,https://m.media-amazon.com/images/M/MV5BMTY1OTA2MjI5OV5BMl5BanBnXkFtZTgwNzkxMjU4NjM@._V1_FMjpg_UX1000_._UX300.jpg
tt4972582,5,2024-05-12,Split,Split,https://www.imdb.com/title/tt4972582,Movie,7.3,117,2016,"Thriller, Horror",608383,2017-01-20,M. Night Shyamalan,https://m.media-amazon.com/images/M/MV5BNTZjNmVjMzAtZjg2Mi00MWNmLTk5NTItOTExZDYwNTE2YmExXkEyXkFqcGc@._V1_FMjpg_UX1000_._UX300.jpg
tt17279496,4,2024-04-16,Civil War,Civil War,https://www.imdb.com/title/tt17279496,Movie,7.0,109,2024,"Action, Thriller",256448,2024-04-12,Alex Garland,https://m.media-amazon.com/images/M/MV5BYWViZGE2YjUtYTRlYi00NjA2LTkyZjQtNmEzY2Y1ZjA4OGJmXkEyXkFqcGc@._V1_FMjpg_UX1000_._UX300.jpg
tt21209876,8,2024-04-13,Solo Leveling,Ore dake reberu appu na ken,https://www.imdb.com/title/tt21209876,TV Series,8.6,,2024,"Animation, Action, Fantasy, Adventure",96356,2024-01-06,,https://m.media-amazon.com/images/M/MV5BM2M4YzdkMTEtMjUyYy00ZWY0LWI5ODQtNGRkZWQ1MzU5MWM2XkEyXkFqcGc@._V1_FMjpg_UX1000_._UX300.jpg
tt13016388,8,2024-03-29,3 Body Problem,3 Body Problem,https://www.imdb.com/title/tt13016388,TV Series,7.5,60,2024,"Sci-Fi, Adventure, Drama, Fantasy, Mystery",173242,2024-03-21,,https://m.media-amazon.com/images/M/MV5BMDdkYWZiZWYtMzA0Yi00NzNlLThkODktY2Q3N2NjN2ExZmMwXkEyXkFqcGc@._V1_FMjpg_UX1000_._UX300.jpg
tt15239678,8,2024-03-28,Dune: Part Two,Dune: Part Two,https://www.imdb.com/title/tt15239678,Movie,8.4,166,2024,"Adventure, Drama, Sci-Fi, Action",682568,2024-03-01,Denis Villeneuve,https://m.media-amazon.com/images/M/MV5BYjQ0NThmNDktYTg1NC00MDEyLWFiODMtMmViZmIxYTI1NWQyXkEyXkFqcGc@._V1_FMjpg_UX1000_._UX300.jpg
tt3846674,5,2024-03-23,To All the Boys I've Loved Before,To All the Boys I've Loved Before,https://www.imdb.com/title/tt3846674,Movie,7.0,99,2018,"Drama, Romance, Comedy",136526,2018-08-17,Susan Johnson,https://m.media-amazon.com/images/M/MV5BMjQ3NjM5MTAzN15BMl5BanBnXkFtZTgwODQzMDAwNjM@._V1_FMjpg_UX1000_._UX300.jpg
tt28776190,8,2024-03-03,Shangri-La Frontier,"Shangri-La Frontier: Kusoge Hunter, Kamige ni Idoman to su",https://www.imdb.com/title/tt28776190,TV Series,7.6,25,2023,"Animation, Fantasy, Action, Adventure",6035,2023-10-01,,https://m.media-amazon.com/images/M/MV5BNjdkOTE4NWItYWUyNS00ZTQ5LWE5ODYtODA1YWUxNThhY2E1XkEyXkFqcGc@._V1_FMjpg_UX1000_._UX300.jpg
tt11640018,7,2024-02-18,La Brea,La Brea,https://www.imdb.com/title/tt11640018,TV Series,5.8,,2021,"Drama, Mystery, Sci-Fi",20906,2021-09-28,,https://m.media-amazon.com/images/M/MV5BNzI5ZDRiODQtYjU4OC00M2NmLWE1ZTUtYjU1YmNjNTA1MGZmXkEyXkFqcGc@._V1_FMjpg_UX1000_._UX300.jpg
tt8332922,6,2024-02-08,A Quiet Place Part II,A Quiet Place Part II,https://www.imdb.com/title/tt8332922,Movie,7.2,97,2020,"Drama, Thriller, Sci-Fi, Horror",314110,2021-05-28,John Krasinski,https://m.media-amazon.com/images/M/MV5BYzdjYmYxNWUtZWU3Yy00MWQ2LTg1MTgtYWU4Y2IzZGUzNTE5XkEyXkFqcGc@._V1_FMjpg_UX1000_._UX300.jpg
tt6644200,6,2024-01-28,A Quiet Place,A Quiet Place,https://www.imdb.com/title/tt6644200,Movie,7.5,90,2018,"Drama, Horror, Sci-Fi",644671,2018-04-06,John Krasinski,https://m.media-amazon.com/images/M/MV5BMjI0MDMzNTQ0M15BMl5BanBnXkFtZTgwMTM5NzM3NDM@._V1_FMjpg_UX1000_._UX300.jpg
tt10795658,8,2024-01-22,Alice in Borderland,Imawa no Kuni no Arisu,https://www.imdb.com/title/tt10795658,TV Series,7.8,50,2020,"Drama, Sci-Fi, Thriller, Mystery, Horror, Action",138151,2020-12-10,,https://m.media-amazon.com/images/M/MV5BYmMzODA4M2MtMjBmNC00YjFhLTg4NzgtODgyNzE4NWQxMThmXkEyXkFqcGc@._V1_FMjpg_UX1000_._UX300.jpg
tt8850222,6,2024-01-15,Peninsula,Bando,https://www.imdb.com/title/tt8850222,Movie,5.5,116,2020,"Action, Horror, Thriller, Drama",42401,2020-08-07,Yeon Sang-ho,https://m.media-amazon.com/images/M/MV5BYjBjMDA4ZmYtMzUyZC00ZmNhLTg3NWUtY2Q0M2I5NjQ0MTE2XkEyXkFqcGc@._V1_FMjpg_UX1000_._UX300.jpg
tt5700672,8,2024-01-14,Train to Busan,Busanhaeng,https://www.imdb.com/title/tt5700672,Movie,7.6,118,2016,"Horror, Thriller, Action",296914,2016-07-20,Yeon Sang-ho,https://m.media-amazon.com/images/M/MV5BMTkwOTQ4OTg0OV5BMl5BanBnXkFtZTgwMzQyOTM0OTE@._V1_FMjpg_UX1000_._UX300.jpg
tt11893274,7,2024-01-13,Downfall: The Case Against Boeing,Downfall: The Case Against Boeing,https://www.imdb.com/title/tt11893274,Movie,7.4,89,2022,Documentary,14546,2022-02-18,Rory Kennedy,https://m.media-amazon.com/images/M/MV5BYTQzZjhjMGYtOTAyZi00NmI3LTllMGQtYTg3NTIzMWM1YTI4XkEyXkFqcGc@._V1_FMjpg_UX1000_._UX300.jpg
tt3110958,7,2024-01-12,Now You See Me 2,Now You See Me 2,https://www.imdb.com/title/tt3110958,Movie,6.4,129,2016,"Comedy, Thriller, Action, Adventure, Mystery, Crime",350333,2016-06-10,Jon M. Chu,https://m.media-amazon.com/images/M/MV5BOTVjNTA0ZWEtNzU2Ny00Njg1LWE1MmEtZTUyZGQzYTVlY2Q5XkEyXkFqcGc@._V1_FMjpg_UX1000_._UX300.jpg
tt1670345,7,2024-01-11,Now You See Me,Now You See Me,https://www.imdb.com/title/tt1670345,Movie,7.2,115,2013,"Thriller, Crime, Mystery",756019,2013-05-31,Louis Leterrier,https://m.media-amazon.com/images/M/MV5BMTY0NDY3MDMxN15BMl5BanBnXkFtZTcwOTM5NzMzOQ@@._V1_FMjpg_UX1000_._UX300.jpg
tt15830702,7,2024-01-11,Sword Art Online the Movie: Progressive - Scherzo of Deep Night,Gekijôban Sôdo Âto Onrain Puroguresshibu Kuraki Yûyami no Sukerutso,https://www.imdb.com/title/tt15830702,Movie,6.7,101,2022,"Animation, Action, Adventure, Fantasy, Sci-Fi",1396,2023-02-03,"Ayako Kouno,Masakazu Ohara",https://m.media-amazon.com/images/M/MV5BMmU3MjkzYzgtNjE1ZS00N2Q5LWEzNzUtNWFiNDNiZjQxMjA3XkEyXkFqcGc@._V1_FMjpg_UX1000_._UX300.jpg
tt7668870,7,2024-01-10,Searching,Searching,https://www.imdb.com/title/tt7668870,Movie,7.6,102,2018,"Thriller, Drama, Mystery",189767,2018-08-31,Aneesh Chaganty,https://m.media-amazon.com/images/M/MV5BMzAwNDI4YTUtOTVlYS00ZDg5LWI5YzAtM2ViYzY1MjliODZiXkEyXkFqcGc@._V1_FMjpg_UX1000_._UX300.jpg
tt0816692,8,2024-01-10,Interstellar,Interstellar,https://www.imdb.com/title/tt0816692,Movie,8.7,169,2014,"Sci-Fi, Adventure, Drama",2435215,2014-11-07,Christopher Nolan,https://m.media-amazon.com/images/M/MV5BYzdjMDAxZGItMjI2My00ODA1LTlkNzItOWFjMDU5ZDJlYWY3XkEyXkFqcGc@._V1_FMjpg_UX1000_._UX300.jpg
tt10855768,8,2024-01-05,Missing,Missing,https://www.imdb.com/title/tt10855768,Movie,7.1,111,2023,"Drama, Thriller, Mystery",70134,2023-01-20,"Nicholas D. Johnson,Will Merrick",https://m.media-amazon.com/images/M/MV5BOGVjMjU4NjItMWNlNC00NWM2LWEzMmQtOTNmYWY0NTJiZDFlXkEyXkFqcGc@._V1_FMjpg_UX1000_._UX300.jpg
tt6710474,6,2024-01-03,Everything Everywhere All at Once,Everything Everywhere All at Once,https://www.imdb.com/title/tt6710474,Movie,7.7,139,2022,"Sci-Fi, Adventure, Comedy, Fantasy, Action, Drama",597656,2022-04-08,"Daniel Kwan,Daniel Scheinert",https://m.media-amazon.com/images/M/MV5BNjExZTgzMTUtYzc5OS00NzQxLWIyMmQtYTgzYTE5ZTg1NTQyXkEyXkFqcGc@._V1_FMjpg_UX1000_._UX300.jpg
tt0125439,5,2023-12-23,Notting Hill,Notting Hill,https://www.imdb.com/title/tt0125439,Movie,7.2,124,1999,"Drama, Romance, Comedy",375392,1999-05-28,Roger Michell,https://m.media-amazon.com/images/M/MV5BZjY3YWI5OTMtYTdlNy00ZTZiLWEwYjItN2M1MGVkMDM4ZDExXkEyXkFqcGc@._V1_FMjpg_UX1000_._UX300.jpg
tt11858890,6,2023-12-01,The Creator,The Creator,https://www.imdb.com/title/tt11858890,Movie,6.7,133,2023,"Action, Drama, Sci-Fi, Thriller, Adventure",191885,2023-09-29,Gareth Edwards,https://m.media-amazon.com/images/M/MV5BMDkxMTUxOTQtYzM4Yi00YzA2LTgzOTYtNDg2NTliODE0ZTRjXkEyXkFqcGc@._V1_FMjpg_UX1000_._UX300.jpg
tt29313307,7,2023-11-18,Left on Read,Left on Read,https://www.imdb.com/title/tt29313307,TV Series,8.2,,2023,"Thriller, Horror",56,2023-08-28,,https://m.media-amazon.com/images/M/MV5BNjU4NzhlNWItZjk3OS00OTQzLThiYWQtZDdhMzM0NTA5M2UzXkEyXkFqcGc@._V1_FMjpg_UX1000_._UX300.jpg
tt15789472,6,2023-10-15,Nowhere,Nowhere,https://www.imdb.com/title/tt15789472,Movie,6.3,109,2023,"Drama, Thriller",47331,2023-09-29,Albert Pintó,https://m.media-amazon.com/images/M/MV5BZmQwODM5NTctYzRkMi00MmIwLWFjODAtMTFiMWY2OWE3MGQyXkEyXkFqcGc@._V1_FMjpg_UX1000_._UX300.jpg
tt3783958,7,2023-10-03,La La Land,La La Land,https://www.imdb.com/title/tt3783958,Movie,8.0,128,2016,"Musical, Comedy, Drama, Romance, Music",740731,2016-12-25,Damien Chazelle,https://m.media-amazon.com/images/M/MV5BMzUzNDM2NzM2MV5BMl5BanBnXkFtZTgwNTM3NTg4OTE@._V1_FMjpg_UX1000_._UX300.jpg
tt27671269,6,2023-09-27,Miss Shampoo,Qing wen hai you na li xu yao jia qiang,https://www.imdb.com/title/tt27671269,Movie,5.7,120,2023,"Action, Drama, Romance, Comedy",838,2023-07-26,Giddens Ko,https://m.media-amazon.com/images/M/MV5BZjQ4MzJkZGMtMzgyMi00Y2RhLWI1NTgtZGNmZjEyZDRiOGRhXkEyXkFqcGc@._V1_FMjpg_UX1000_._UX300.jpg
tt20204936,4,2023-09-27,Cyber Heist,Dyun mong,https://www.imdb.com/title/tt20204936,Movie,4.7,111,2023,"Action, Crime, Drama, Mystery",351,2023-03-09,Hing Fan Wong,https://m.media-amazon.com/images/M/MV5BM2M2MjhhYWItZGE3Yi00MjcxLWIzNzAtZmRkNGE2MjI2MGNhXkEyXkFqcGc@._V1_FMjpg_UX1000_._UX300.jpg
tt10588750,6,2023-09-27,Doraemon the Movie: Nobita's New Dinosaur,Eiga Doraemon: Nobita no shin kyôryû,https://www.imdb.com/title/tt10588750,Movie,7.1,110,2020,"Animation, Adventure, Family, Fantasy, Sci-Fi, Comedy, Drama",1831,2020-08-07,"Kazuaki Imai,Kiyotaka Oshiyama,Toshihisa Yokoshima",https://m.media-amazon.com/images/M/MV5BZDc5OWJmYTMtM2FlZi00NzM4LTkwZmEtYWM0N2Q0OTFiZWNlXkEyXkFqcGc@._V1_FMjpg_UX1000_._UX300.jpg
tt4922804,8,2023-08-20,3%,3%,https://www.imdb.com/title/tt4922804,TV Series,7.2,49,2016,"Sci-Fi, Thriller, Action, Drama",29801,2016-11-25,,https://m.media-amazon.com/images/M/MV5BNTA4ODYyNDMtOTVkNy00MDdiLWE2NWUtZDQ5NTEwYzNlNzdkXkEyXkFqcGc@._V1_FMjpg_UX1000_._UX300.jpg
tt26862791,7,2023-08-16,Shin Jigen! Crayon Shin-chan the Movie,Shin Jigen! Crayon Shin-chan za Mûbî Chounouryoku Daikessen Tobe Tobe Temakizushi,https://www.imdb.com/title/tt26862791,Movie,6.5,93,2023,"Animation, Adventure, Comedy, Family, Fantasy, Action, Sci-Fi",834,2023-08-04,Hitoshi Ône,https://m.media-amazon.com/images/M/MV5BM2NlOTBlNDctYWUzYy00NWI4LTlhNmQtOWQ5YjAwOWU0MTNjXkEyXkFqcGc@._V1_FMjpg_UX1000_._UX300.jpg
tt15398776,7,2023-08-05,Oppenheimer,Oppenheimer,https://www.imdb.com/title/tt15398776,Movie,8.3,180,2023,"Biography, Drama, History",958683,2023-07-21,Christopher Nolan,https://m.media-amazon.com/images/M/MV5BNTRmOWRjNGEtMmFiMy00NzAwLThiMDUtZTI1ZWY5Mzg4NTBlXkEyXkFqcGc@._V1_FMjpg_UX1000_._UX300.jpg
tt7985704,5,2023-07-26,Operation Fortune: Ruse de Guerre,Operation Fortune: Ruse de Guerre,https://www.imdb.com/title/tt7985704,Movie,6.3,114,2023,"Action, Thriller, Comedy, Adventure",106250,2023-03-03,Guy Ritchie,https://m.media-amazon.com/images/M/MV5BMDg2MDQ5OGUtMDE4Mi00ZGY5LTgxMjgtMzliNmI3MTNhYTQzXkEyXkFqcGc@._V1_FMjpg_UX1000_._UX300.jpg
tt25377462,8,2023-07-24,A Guilty Conscience,Duk sit dai jong,https://www.imdb.com/title/tt25377462,Movie,7.2,135,2023,"Comedy, Thriller, Crime, Mystery",2266,2023-01-21,Wai-Lun Ng,https://m.media-amazon.com/images/M/MV5BYjg0MDIzMjYtMTMzNy00MmY2LWJjMzYtMmE4ODM2MTUzOWJkXkEyXkFqcGc@._V1_FMjpg_UX1000_._UX300.jpg
tt6718170,6,2023-07-14,The Super Mario Bros. Movie,The Super Mario Bros. Movie,https://www.imdb.com/title/tt6718170,Movie,7.0,92,2023,"Animation, Adventure, Family, Comedy, Fantasy",278785,2023-04-05,"Aaron Horvath,Michael Jelenic,Pierre Leduc,Fabien Polack",https://m.media-amazon.com/images/M/MV5BOGZlN2EzOTYtMzUzOS00NTM3LTg0MTQtZDVjZGM4YmJlNWNhXkEyXkFqcGc@._V1_FMjpg_UX1000_._UX300.jpg
tt5090568,6,2023-07-13,Transformers: Rise of the Beasts,Transformers: Rise of the Beasts,https://www.imdb.com/title/tt5090568,Movie,6.0,127,2023,"Action, Adventure, Sci-Fi",127665,2023-06-09,Steven Caple Jr.,https://m.media-amazon.com/images/M/MV5BZTVkZWY5MmItYjY3OS00OWY3LTg2NWEtOWE1NmQ4NGMwZGNlXkEyXkFqcGc@._V1_FMjpg_UX1000_._UX300.jpg
tt23736044,6,2023-07-06,Monster,Kaibutsu,https://www.imdb.com/title/tt23736044,Movie,7.8,127,2023,"Drama, Thriller",38875,2023-11-22,Hirokazu Koreeda,https://m.media-amazon.com/images/M/MV5BODM0ZTg0MDAtY2NjZS00YmVlLTk5N2QtMDcyOWNkYmQ2NGI1XkEyXkFqcGc@._V1_FMjpg_UX1000_._UX300.jpg
tt26674627,6,2023-07-06,Resident Evil: Death Island,Baiohazâdo: Desuairando,https://www.imdb.com/title/tt26674627,Movie,5.7,91,2023,"Animation, Action, Horror",10756,2023-07-07,Eiichirô Hasumi,https://m.media-amazon.com/images/M/MV5BNDYzZWQyN2UtMmQ0Mi00NGY1LTg0MmEtYWY4YWNlYjU3ZDIzXkEyXkFqcGc@._V1_FMjpg_UX1000_._UX300.jpg
tt9362722,7,2023-06-14,Spider-Man: Across the Spider-Verse,Spider-Man: Across the Spider-Verse,https://www.imdb.com/title/tt9362722,Movie,8.5,140,2023,"Animation, Action, Adventure, Sci-Fi, Fantasy, Family",492495,2023-06-02,"Joaquim Dos Santos,Kemp Powers,Justin K. Thompson",https://m.media-amazon.com/images/M/MV5BNGY5MmMwNDYtYTNjYi00ZjA0LTkzOGEtMzhhZTI4Zjg5NDVlXkEyXkFqcGc@._V1_FMjpg_UX1000_._UX300.jpg
tt4633694,7,2023-06-14,Spider-Man: Into the Spider-Verse,Spider-Man: Into the Spider-Verse,https://www.imdb.com/title/tt4633694,Movie,8.4,117,2018,"Animation, Action, Sci-Fi, Adventure, Family, Fantasy",761921,2018-12-14,"Bob Persichetti,Peter Ramsey,Rodney Rothman",https://m.media-amazon.com/images/M/MV5BMjMwNDkxMTgzOF5BMl5BanBnXkFtZTgwNTkwNTQ3NjM@._V1_FMjpg_UX1000_._UX300.jpg
tt5433140,6,2023-05-26,Fast X,Fast X,https://www.imdb.com/title/tt5433140,Movie,5.7,141,2023,"Action, Crime, Thriller, Mystery, Adventure",141378,2023-05-19,Louis Leterrier,https://m.media-amazon.com/images/M/MV5BN2M5ODlkMzItYmZhNC00YTJjLWEyMGMtZmUxODc1ZDNlZGRlXkEyXkFqcGc@._V1_FMjpg_UX1000_._UX300.jpg
tt26686277,6,2023-05-22,Day Off,Ben ri gong xiu,https://www.imdb.com/title/tt26686277,Movie,7.1,106,2023,Drama,509,2023-03-03,Tien-Yu Fu,https://m.media-amazon.com/images/M/MV5BZTFjNDY0NTMtOWEyOS00MzhkLTliODMtNGM1Y2NiZTNlMGEyXkEyXkFqcGc@._V1_FMjpg_UX1000_._UX300.jpg
tt12261776,5,2023-05-13,65,65,https://www.imdb.com/title/tt12261776,Movie,5.4,93,2023,"Sci-Fi, Thriller, Adventure, Action",103729,2023-03-10,"Scott Beck,Bryan Woods",https://m.media-amazon.com/images/M/MV5BODlkNGE5MDctM2U3ZC00MWYxLTg1ZjgtOWMzMWU1NDQ0ZGY0XkEyXkFqcGc@._V1_FMjpg_UX1000_._UX300.jpg
tt22742964,8,2023-05-07,Marry My Dead Body,Guan yu wo han gui bian cheng jia ren de na jian shi,https://www.imdb.com/title/tt22742964,Movie,7.0,130,2022,"Comedy, Drama, Action, Mystery, Crime, Horror, Fantasy",7314,2023-08-10,Wei-Hao Cheng,https://m.media-amazon.com/images/M/MV5BOTQyZTNmYjItZGYxYy00YTk5LTk0MDEtNjk3YmU0YjEwN2U2XkEyXkFqcGc@._V1_FMjpg_UX1000_._UX300.jpg
tt16428256,8,2023-05-07,Suzume,Suzume no Tojimari,https://www.imdb.com/title/tt16428256,Movie,7.6,122,2022,"Animation, Adventure, Fantasy, Drama",58588,2023-04-14,Makoto Shinkai,https://m.media-amazon.com/images/M/MV5BODhkNDhmNzktODFmMC00NDZiLWEzN2UtY2YwYzgzYTVlMWZmXkEyXkFqcGc@._V1_FMjpg_UX1000_._UX300.jpg
tt5304992,6,2023-05-06,Set It Up,Set It Up,https://www.imdb.com/title/tt5304992,Movie,6.5,105,2018,"Comedy, Romance",73434,2018-06-15,Claire Scanlon,https://m.media-amazon.com/images/M/MV5BMTk0MDUyMzA1OF5BMl5BanBnXkFtZTgwNzA4NzE1NTM@._V1_FMjpg_UX1000_._UX300.jpg
tt9098872,8,2023-05-06,The Rescue,The Rescue,https://www.imdb.com/title/tt9098872,Movie,8.3,107,2021,"Documentary, Action, Mystery, Thriller",22874,2021-10-08,"Jimmy Chin,Elizabeth Chai Vasarhelyi",https://m.media-amazon.com/images/M/MV5BMjFkOWE2OTQtZjdkMy00ZTk5LWEwZGEtN2EzOTc3OTE5ZmEwXkEyXkFqcGc@._V1_FMjpg_UX1000_._UX300.jpg
tt17513352,10,2023-05-06,Twenty Five Twenty One,Seumuldaseot seumulhana,https://www.imdb.com/title/tt17513352,TV Series,8.6,70,2022,"Drama, Romance",20378,2022-02-12,,https://m.media-amazon.com/images/M/MV5BYTdjZWExZmMtZTY0Yy00N2U3LTkyYmYtMGNjZjUyZTM0Njg0XkEyXkFqcGc@._V1_FMjpg_UX1000_._UX300.jpg
tt17494686,5,2023-03-28,Decibel,Desibel,https://www.imdb.com/title/tt17494686,Movie,6.1,110,2022,"Action, Drama, Thriller",2157,2022-11-16,In-ho Hwang,https://m.media-amazon.com/images/M/MV5BNDk3OTRhZmUtNWMxNS00YzU0LWE3ODgtMWVkZTNiMTkzYTVhXkEyXkFqcGc@._V1_FMjpg_UX1000_._UX300.jpg
tt3581920,9,2023-02-19,The Last of Us,The Last of Us,https://www.imdb.com/title/tt3581920,TV Series,8.5,50,2023,"Adventure, Horror, Drama, Thriller, Sci-Fi, Action",707785,2023-01-15,,https://m.media-amazon.com/images/M/MV5BYWI3ODJlMzktY2U5NC00ZjdlLWE1MGItNWQxZDk3NWNjN2RhXkEyXkFqcGc@._V1_FMjpg_UX1000_._UX300.jpg
tt9114286,7,2023-02-03,Black Panther: Wakanda Forever,Black Panther: Wakanda Forever,https://www.imdb.com/title/tt9114286,Movie,6.6,161,2022,"Action, Adventure, Sci-Fi, Drama",344445,2022-11-11,Ryan Coogler,https://m.media-amazon.com/images/M/MV5BZDVmZDQ4YjktZjg0YS00ODRmLWExYTAtYzc3NDdkZDQ3MTYyXkEyXkFqcGc@._V1_FMjpg_UX1000_._UX300.jpg
tt11273352,9,2023-02-01,Joy of Life,Qing yu nian,https://www.imdb.com/title/tt11273352,TV Series,8.2,45,2019,"Drama, Action, Comedy, Fantasy, Sci-Fi, Romance",2454,2019-11-26,,https://m.media-amazon.com/images/M/MV5BOGVlZDg0NmEtNjRhZC00ZjgzLWIyYTItMjJhYjNiYzg0MGFiXkEyXkFqcGc@._V1_FMjpg_UX1000_._UX300.jpg
tt2304933,4,2023-01-30,The 5th Wave,The 5th Wave,https://www.imdb.com/title/tt2304933,Movie,5.2,112,2016,"Sci-Fi, Adventure, Thriller, Action",124483,2016-01-22,J Blakeson,https://m.media-amazon.com/images/M/MV5BMjQwOTc0Mzg3Nl5BMl5BanBnXkFtZTgwOTg3NjI2NzE@._V1_FMjpg_UX1000_._UX300.jpg
tt15618938,6,2023-01-29,Far Far Away,Yun lou saan go lo,https://www.imdb.com/title/tt15618938,Movie,6.4,100,2021,"Comedy, Romance",420,2022-08-04,Amos Why,https://m.media-amazon.com/images/M/MV5BMjVhZmQ5MmUtYmJiMi00NDgxLWI1OTgtMjdjYTZmOGQwNjk2XkEyXkFqcGc@._V1_FMjpg_UX1000_._UX300.jpg
tt14208870,7,2023-01-06,The Fabelmans,The Fabelmans,https://www.imdb.com/title/tt14208870,Movie,7.5,151,2022,Drama,131457,2022-11-23,Steven Spielberg,https://m.media-amazon.com/images/M/MV5BNDY5OWY4ZWYtYTM3OC00Zjg5LWFlYzYtYWI5ZGM1MDcxYzY4XkEyXkFqcGc@._V1_FMjpg_UX1000_._UX300.jpg
tt17382524,7,2022-12-29,"The Tunnel to Summer, the Exit of Goodbyes","Natsu e no tunnel, Sayonara no deguchi",https://www.imdb.com/title/tt17382524,Movie,7.1,85,2022,"Animation, Drama, Mystery, Sci-Fi, Fantasy, Romance",5842,2022-09-09,Tomohisa Taguchi,https://m.media-amazon.com/images/M/MV5BZDc2MzgxZGItYzBmNi00YjM2LWI2NTQtODg4OWFjNDZkM2E3XkEyXkFqcGc@._V1_FMjpg_UX1000_._UX300.jpg
tt10516176,6,2022-11-18,Steel Rain 2,Gangcheolbi 2: Jeongsanghoedam,https://www.imdb.com/title/tt10516176,Movie,6.2,132,2020,"Action, Drama, Thriller",1618,2020-09-25,Woo-seok Yang,https://m.media-amazon.com/images/M/MV5BOWFmMGI1N2EtYWRlMC00YzA5LWIxNDMtNGY3NTk2NTFhYzc1XkEyXkFqcGc@._V1_FMjpg_UX1000_._UX300.jpg
tt6769508,7,2022-11-18,Steel Rain,Gangcheolbi,https://www.imdb.com/title/tt6769508,Movie,7.1,139,2017,"Action, Thriller, Drama",7060,2018-03-14,Woo-seok Yang,https://m.media-amazon.com/images/M/MV5BMmZkZWZkOTYtN2ViOC00ZTU1LTkyNmQtZGQ3NjBmOTg4ZGEyXkEyXkFqcGc@._V1_FMjpg_UX1000_._UX300.jpg
tt4574334,9,2022-11-03,Stranger Things,Stranger Things,https://www.imdb.com/title/tt4574334,TV Series,8.6,60,2016,"Drama, Horror, Thriller, Sci-Fi, Mystery, Fantasy",1509488,2016-07-15,,https://m.media-amazon.com/images/M/MV5BOGI0NDg3MjQtNjI5ZC00ZmZmLTlkMDItMmRkNTNjNWJlMDRmXkEyXkFqcGc@._V1_FMjpg_UX1000_._UX300.jpg
tt2402207,7,2022-10-04,The Last Ship,The Last Ship,https://www.imdb.com/title/tt2402207,TV Series,7.4,60,2014,"Drama, Action, Sci-Fi, Thriller, War",67906,2014-06-22,,https://m.media-amazon.com/images/M/MV5BMTQ5MTM5Mjc5NV5BMl5BanBnXkFtZTgwMTk2MzExOTE@._V1_FMjpg_UX1000_._UX300.jpg
tt21187542,7,2022-09-11,Table for Six,Faan hei gong sum,https://www.imdb.com/title/tt21187542,Movie,6.9,117,2022,"Comedy, Romance, Drama",1385,2022-09-08,Sunny Chan,https://m.media-amazon.com/images/M/MV5BYTM2MjY2M2ItYTUyNy00ZTg2LTg1ZWYtYWFmZTkxZWJhOWQ0XkEyXkFqcGc@._V1_FMjpg_UX1000_._UX300.jpg
tt15325794,6,2022-09-03,Fall,Fall,https://www.imdb.com/title/tt15325794,Movie,6.4,107,2022,"Thriller, Action",129501,2022-08-12,Scott Mann,https://m.media-amazon.com/images/M/MV5BNTdlNTNjNGMtZGFjYy00MGMxLThmOWEtYTEzNTM1OTQxYzcyXkEyXkFqcGc@._V1_FMjpg_UX1000_._UX300.jpg
tt10648342,6,2022-09-01,Thor: Love and Thunder,Thor: Love and Thunder,https://www.imdb.com/title/tt10648342,Movie,6.1,118,2022,"Adventure, Romance, Sci-Fi, Comedy, Action",448560,2022-07-08,Taika Waititi,https://m.media-amazon.com/images/M/MV5BZjAzMWU3OGItZjU5Ni00ZmIxLTkwMGYtMzkyNmM0ZWExNjMzXkEyXkFqcGc@._V1_FMjpg_UX1000_._UX300.jpg
tt2382320,7,2022-08-19,No Time to Die,No Time to Die,https://www.imdb.com/title/tt2382320,Movie,7.3,163,2021,"Action, Thriller, Adventure",476081,2021-10-08,Cary Joji Fukunaga,https://m.media-amazon.com/images/M/MV5BMWU5NGY2Y2YtMzY4Ny00NjE2LTg3YjMtOWNjZjk3NTRjZTdmXkEyXkFqcGc@._V1_FMjpg_UX1000_._UX300.jpg
tt12005128,7,2022-08-18,WeCrashed,WeCrashed,https://www.imdb.com/title/tt12005128,TV Mini Series,7.3,53,2022,"Drama, Biography",24813,2022-03-18,,https://m.media-amazon.com/images/M/MV5BNTFlOWE5NjQtY2IyYy00YjAwLWEwMmEtMWVlMzNjMjM1NmUyXkEyXkFqcGc@._V1_FMjpg_UX1000_._UX300.jpg
tt10298810,7,2022-08-07,Lightyear,Lightyear,https://www.imdb.com/title/tt10298810,Movie,6.1,105,2022,"Animation, Adventure, Sci-Fi, Action, Comedy, Family",133639,2022-06-17,Angus MacLane,https://m.media-amazon.com/images/M/MV5BNWVlZjRmZmEtNzBhNi00YWMxLTk0NTctYjQ2MDY3Y2QzZmQyXkEyXkFqcGc@._V1_FMjpg_UX1000_._UX300.jpg
tt5113044,7,2022-08-06,Minions: The Rise of Gru,Minions: The Rise of Gru,https://www.imdb.com/title/tt5113044,Movie,6.5,87,2022,"Animation, Adventure, Comedy, Family, Sci-Fi, Crime",102066,2022-07-01,"Kyle Balda,Brad Ableson,Jonathan del Val",https://m.media-amazon.com/images/M/MV5BN2JjZTg2MDEtYWZiMS00YjdlLTg3ZTAtZjE3ZjM1NzUzZTgxXkEyXkFqcGc@._V1_FMjpg_UX1000_._UX300.jpg
tt17044664,7,2022-07-23,Chilli Laugh Story,He jia la,https://www.imdb.com/title/tt17044664,Movie,5.8,94,2022,Comedy,407,2022-07-14,Coba Cheng,https://m.media-amazon.com/images/M/MV5BOTE4ODk1ZTAtN2VkNS00NzVlLTkwMjUtNTJjZTEzZDkzODk3XkEyXkFqcGc@._V1_FMjpg_UX1000_._UX300.jpg
tt13424422,8,2022-07-23,Sword Art Online: Progressive - Aria of a Starless Night,Gekijôban Sôdo Âto Onrain Puroguresshibu Hoshi-naki Yoru no Aria,https://www.imdb.com/title/tt13424422,Movie,7.2,97,2021,"Animation, Action, Adventure, Fantasy, Sci-Fi",2500,2021-10-30,Ayako Kouno,https://m.media-amazon.com/images/M/MV5BMGY5ZDFjZTQtNDVhMi00NzRhLTgwYzAtMmQyN2VlZTdjYjM0XkEyXkFqcGc@._V1_FMjpg_UX1000_._UX300.jpg
tt13696452,7,2022-07-13,Money Heist: Korea - Joint Economic Area,Money Heist: Korea - Joint Economic Area,https://www.imdb.com/title/tt13696452,TV Series,5.9,60,2022,"Crime, Drama, Action, Mystery, Thriller",10105,2022-06-24,,https://m.media-amazon.com/images/M/MV5BMmNkMWZmNWQtNjljNi00YTU4LTg0ZTEtY2U0OTk0MmI3NTNmXkEyXkFqcGc@._V1_FMjpg_UX1000_._UX300.jpg
tt8041270,6,2022-07-13,Jurassic World: Dominion,Jurassic World: Dominion,https://www.imdb.com/title/tt8041270,Movie,5.6,147,2022,"Adventure, Sci-Fi, Action, Thriller",238478,2022-06-10,Colin Trevorrow,https://m.media-amazon.com/images/M/MV5BZmY5NDc3NWMtYjdhMy00MzZiLThmN2UtZjVmMTVjZmY3ZjhhXkEyXkFqcGc@._V1_FMjpg_UX1000_._UX300.jpg
tt4881806,6,2022-07-11,Jurassic World: Fallen Kingdom,Jurassic World: Fallen Kingdom,https://www.imdb.com/title/tt4881806,Movie,6.1,128,2018,"Action, Adventure, Sci-Fi",373092,2018-06-22,J.A. Bayona,https://m.media-amazon.com/images/M/MV5BZGMyODRlNmQtNDRhNi00M2RlLWJjNDgtOTc0M2E4MjkwNTA2XkEyXkFqcGc@._V1_FMjpg_UX1000_._UX300.jpg
tt0369610,7,2022-07-11,Jurassic World,Jurassic World,https://www.imdb.com/title/tt0369610,Movie,6.9,124,2015,"Adventure, Sci-Fi, Action",717988,2015-06-12,Colin Trevorrow,https://m.media-amazon.com/images/M/MV5BNzBhNzlkM2UtZTQyOC00NjUyLTkzMmMtNDQ1YTM5N2NmMGE5XkEyXkFqcGc@._V1_FMjpg_UX1000_._UX300.jpg
tt12511316,7,2022-07-10,Kkondae Intern,Kkondae Intern,https://www.imdb.com/title/tt12511316,TV Series,7.2,32,2020,"Drama, Comedy",275,2020-05-20,,https://m.media-amazon.com/images/M/MV5BNWZhMDlmNTgtYmRkNy00MDRmLTllMzAtNWQxMzZhMzdjZmQwXkEyXkFqcGc@._V1_FMjpg_UX1000_._UX300.jpg
tt9426210,8,2022-06-20,Weathering with You,Tenki no ko,https://www.imdb.com/title/tt9426210,Movie,7.5,112,2019,"Animation, Fantasy, Romance, Drama",66893,2020-01-17,Makoto Shinkai,https://m.media-amazon.com/images/M/MV5BZDA0ZmFiZWItMmZlNi00OGY2LWFiZTktYmU0NjU0NDE5NjYyXkEyXkFqcGc@._V1_FMjpg_UX1000_._UX300.jpg
tt5311514,9,2022-06-20,Your Name.,Kimi no Na wa.,https://www.imdb.com/title/tt5311514,Movie,8.4,106,2016,"Animation, Drama, Romance, Fantasy",375930,2017-04-07,Makoto Shinkai,https://m.media-amazon.com/images/M/MV5BMjI1ODZkYTgtYTY3Yy00ZTJkLWFkOTgtZDUyYWM4MzQwNjk0XkEyXkFqcGc@._V1_FMjpg_UX1000_._UX300.jpg
tt5834426,5,2022-06-19,Moonfall,Moonfall,https://www.imdb.com/title/tt5834426,Movie,5.2,130,2022,"Sci-Fi, Adventure, Action",110193,2022-02-04,Roland Emmerich,https://m.media-amazon.com/images/M/MV5BMTA3Y2YzYTItODk5Zi00ZWJjLWJmNTYtZWIyMmQ0NTA4MzEwXkEyXkFqcGc@._V1_FMjpg_UX1000_._UX300.jpg
tt4500922,6,2022-06-15,Maze Runner: The Death Cure,Maze Runner: The Death Cure,https://www.imdb.com/title/tt4500922,Movie,6.3,143,2018,"Sci-Fi, Action, Thriller, Adventure",184620,2018-01-26,Wes Ball,https://m.media-amazon.com/images/M/MV5BMTYyNzk3MDc2NF5BMl5BanBnXkFtZTgwMDk3OTM1NDM@._V1_FMjpg_UX1000_._UX300.jpg
tt4046784,6,2022-06-15,Maze Runner: The Scorch Trials,Maze Runner: The Scorch Trials,https://www.imdb.com/title/tt4046784,Movie,6.3,131,2015,"Action, Thriller, Sci-Fi, Adventure",300038,2015-09-18,Wes Ball,https://m.media-amazon.com/images/M/MV5BMjE3MDU2NzQyMl5BMl5BanBnXkFtZTgwMzQxMDQ3NTE@._V1_FMjpg_UX1000_._UX300.jpg
tt1790864,7,2022-06-14,The Maze Runner,The Maze Runner,https://www.imdb.com/title/tt1790864,Movie,6.8,113,2014,"Sci-Fi, Mystery, Thriller, Action",549894,2014-09-19,Wes Ball,https://m.media-amazon.com/images/M/MV5BMjUyNTA3MTAyM15BMl5BanBnXkFtZTgwOTEyMTkyMjE@._V1_FMjpg_UX1000_._UX300.jpg
tt2543164,6,2022-06-14,Arrival,Arrival,https://www.imdb.com/title/tt2543164,Movie,7.9,116,2016,"Sci-Fi, Drama, Mystery",841324,2016-11-11,Denis Villeneuve,https://m.media-amazon.com/images/M/MV5BMTExMzU0ODcxNDheQTJeQWpwZ15BbWU4MDE1OTI4MzAy._V1_FMjpg_UX1000_._UX300.jpg
tt0816711,7,2022-06-11,World War Z,World War Z,https://www.imdb.com/title/tt0816711,Movie,7.0,116,2013,"Action, Adventure, Horror, Sci-Fi",769919,2013-06-21,Marc Forster,https://m.media-amazon.com/images/M/MV5BODg3ZTM2YWQtZDE5Ny00NGNiLTkzYjgtYWVlYjNkOTg5NDI1XkEyXkFqcGc@._V1_FMjpg_UX1000_._UX300.jpg
tt8590080,7,2022-06-08,Parallels,Parallèles,https://www.imdb.com/title/tt8590080,TV Mini Series,7.0,40,2022,"Sci-Fi, Adventure, Fantasy, Mystery",2618,2022-03-23,,https://m.media-amazon.com/images/M/MV5BYTdjN2QyOTMtMGUwYS00Y2Y4LTk2N2YtNzhkYTQ3YzQ0MzM1XkEyXkFqcGc@._V1_FMjpg_UX1000_._UX300.jpg
tt5544384,8,2022-06-08,Sword Art Online the Movie: Ordinal Scale,Gekijô-ban Sôdo Âto Onrain: Sword Art Online - Ôdinaru sukêru -,https://www.imdb.com/title/tt5544384,Movie,7.3,119,2017,"Animation, Action, Adventure, Fantasy, Sci-Fi",9811,2017-02-18,Tomohiko Itô,https://m.media-amazon.com/images/M/MV5BNDYxNmUyNDctMmQ5Zi00OTM0LWI1ZjktN2Y5MzliZjU5MmNhXkEyXkFqcGc@._V1_FMjpg_UX1000_._UX300.jpg
tt2250192,9,2022-06-08,Sword Art Online,Sword Art Online,https://www.imdb.com/title/tt2250192,TV Series,7.5,24,2012,"Animation, Action, Fantasy, Sci-Fi, Thriller, Romance, Adventure",60268,2012-07-08,,https://m.media-amazon.com/images/M/MV5BN2NhYzU2NDEtYzI1NS00MjgzLThjZGUtOTYxNGJkZjZmNDdjXkEyXkFqcGc@._V1_FMjpg_UX1000_._UX300.jpg
tt11138512,5,2022-06-06,The Northman,The Northman,https://www.imdb.com/title/tt11138512,Movie,7.0,137,2022,"Drama, Adventure, Thriller, Action, History, Fantasy",290816,2022-04-22,Robert Eggers,https://m.media-amazon.com/images/M/MV5BODY2ZTNhZjgtMWRmYy00NWRiLWJiYWEtNGNmZjE2ZmRkMjNiXkEyXkFqcGc@._V1_FMjpg_UX1000_._UX300.jpg
tt1464335,6,2022-06-03,Uncharted,Uncharted,https://www.imdb.com/title/tt1464335,Movie,6.3,116,2022,"Action, Adventure",291911,2022-02-18,Ruben Fleischer,https://m.media-amazon.com/images/M/MV5BZjQ0MDg3N2YtZjVmZC00ZDljLWJjZWYtZTcyZTNjNWY5ZTQwXkEyXkFqcGc@._V1_FMjpg_UX1000_._UX300.jpg
tt17292614,7,2022-06-03,My Best Friend's Breakfast,Wo chi le na nan hai yi zheng nian de zao can,https://www.imdb.com/title/tt17292614,Movie,6.0,120,2022,"Romance, Comedy",279,2022-01-28,Du Zheng Zhe,https://m.media-amazon.com/images/M/MV5BMzIyZTU2YjctNDkwNC00ZGIwLTgzOWUtMjVhNzYyYzQxOGI1XkEyXkFqcGc@._V1_FMjpg_UX1000_._UX300.jpg
tt7366338,9,2022-06-02,Chernobyl,Chernobyl,https://www.imdb.com/title/tt7366338,TV Mini Series,9.3,60,2019,"Drama, History, Thriller",990445,2019-05-06,,https://m.media-amazon.com/images/M/MV5BNzU0OTI4YTQtNGQ1ZS00ZjA4LTg3MTMtZjkyZWNjN2RiZDJmXkEyXkFqcGc@._V1_FMjpg_UX1000_._UX300.jpg
tt1745960,8,2022-06-01,Top Gun: Maverick,Top Gun: Maverick,https://www.imdb.com/title/tt1745960,Movie,8.2,130,2022,"Action, Drama",814415,2022-05-27,Joseph Kosinski,https://m.media-amazon.com/images/M/MV5BNGJlZDlkNTEtYTQxNy00YjVlLTkyNDAtMzE2MDE4YzVkMzE5XkEyXkFqcGc@._V1_FMjpg_UX1000_._UX300.jpg
tt9419884,7,2022-06-01,Doctor Strange in the Multiverse of Madness,Doctor Strange in the Multiverse of Madness,https://www.imdb.com/title/tt9419884,Movie,6.9,126,2022,"Action, Fantasy, Adventure, Sci-Fi, Horror",531448,2022-05-06,Sam Raimi,https://m.media-amazon.com/images/M/MV5BZDZlOGRmYTgtN2M1OS00YTBlLTlmNWItZmRiZjQxYmUxN2MzXkEyXkFqcGc@._V1_FMjpg_UX1000_._UX300.jpg
tt6156584,7,2022-05-17,Snowpiercer,Snowpiercer,https://www.imdb.com/title/tt6156584,TV Series,6.9,60,2020,"Action, Drama, Sci-Fi, Thriller",73040,2020-05-17,,https://m.media-amazon.com/images/M/MV5BMmM1ODg0MjktY2U3ZC00ZDc4LTkxMjAtMzljY2VkZmI3MmE5XkEyXkFqcGc@._V1_FMjpg_UX1000_._UX300.jpg
tt12801262,7,2022-05-13,Luca,Luca,https://www.imdb.com/title/tt12801262,Movie,7.4,95,2021,"Animation, Adventure, Fantasy, Family, Comedy, Drama",217270,2021-06-18,Enrico Casarosa,https://m.media-amazon.com/images/M/MV5BOTc2YjQyNzAtZGMyMC00ZTIxLTk5YzYtZTJmZGZlN2ZlNGI1XkEyXkFqcGc@._V1_FMjpg_UX1000_._UX300.jpg
tt8884460,9,2022-05-12,My Only One,Hanappunin Naepyeon,https://www.imdb.com/title/tt8884460,TV Series,7.1,,2018,"Drama, Comedy, Romance",158,2018-09-15,,https://m.media-amazon.com/images/M/MV5BYzZhNTFkN2YtNGZlMy00YTMzLTkzY2UtYWYxYjE3ZGEyNGExXkEyXkFqcGc@._V1_FMjpg_UX1000_._UX300.jpg
tt10656392,7,2022-05-12,Melting Me Softly,Nal Nokyeojuo,https://www.imdb.com/title/tt10656392,TV Series,6.9,70,2019,"Drama, Romance, Comedy, Mystery, Sci-Fi",2958,2019-07-15,,https://m.media-amazon.com/images/M/MV5BNzBlNWMxOWUtNTg5Ny00NjExLWE3NTgtZmM0ZDQ0ZDg2ZGIyXkEyXkFqcGc@._V1_FMjpg_UX1000_._UX300.jpg
tt16243268,7,2022-05-12,In Geek We Trust,In Geek We Trust,https://www.imdb.com/title/tt16243268,TV Series,8.2,47,2021,Drama,87,2022-01-10,,https://m.media-amazon.com/images/M/MV5BOTljYmQ1NzMtMDM0Yy00MDM5LTg2MTYtOWFhOTQ3NGEyMWM0XkEyXkFqcGc@._V1_FMjpg_UX1000_._UX300.jpg
tt15094728,7,2022-05-12,Ossan's Love,Ossan's Love,https://www.imdb.com/title/tt15094728,TV Series,7.5,,2021,"Comedy, Romance",163,2021-06-28,,https://m.media-amazon.com/images/M/MV5BMjg1ZjFkNTMtNWM3Mi00ZWExLWI1ZmItOWJiN2FlOTg4N2I0XkEyXkFqcGc@._V1_FMjpg_UX1000_._UX300.jpg
tt3322312,7,2022-05-12,Daredevil,Daredevil,https://www.imdb.com/title/tt3322312,TV Series,8.6,60,2015,"Action, Crime, Drama, Thriller, Sci-Fi",518059,2015-04-10,,https://m.media-amazon.com/images/M/MV5BODcwOTg2MDE3NF5BMl5BanBnXkFtZTgwNTUyNTY1NjM@._V1_FMjpg_UX1000_._UX300.jpg
tt4154756,9,2022-05-12,Avengers: Infinity War,Avengers: Infinity War,https://www.imdb.com/title/tt4154756,Movie,8.4,149,2018,"Action, Sci-Fi, Adventure",1333560,2018-04-27,"Anthony Russo,Joe Russo",https://m.media-amazon.com/images/M/MV5BMjMxNjY2MDU1OV5BMl5BanBnXkFtZTgwNzY1MTUwNTM@._V1_FMjpg_UX1000_._UX300.jpg
tt4154796,10,2022-05-12,Avengers: Endgame,Avengers: Endgame,https://www.imdb.com/title/tt4154796,Movie,8.4,181,2019,"Action, Sci-Fi, Adventure",1404314,2019-04-26,"Anthony Russo,Joe Russo",https://m.media-amazon.com/images/M/MV5BMTc5MDE2ODcwNV5BMl5BanBnXkFtZTgwMzI2NzQ2NzM@._V1_FMjpg_UX1000_._UX300.jpg
tt4630562,7,2022-05-12,The Fate of the Furious,The Fate of the Furious,https://www.imdb.com/title/tt4630562,Movie,6.6,136,2017,"Action, Thriller, Crime",269678,2017-04-14,F. Gary Gray,https://m.media-amazon.com/images/M/MV5BMjMxODI2NDM5Nl5BMl5BanBnXkFtZTgwNjgzOTk1MTI@._V1_FMjpg_UX1000_._UX300.jpg
tt1905041,7,2022-05-12,Fast & Furious 6,Furious 6,https://www.imdb.com/title/tt1905041,Movie,7.0,130,2013,"Action, Thriller",434747,2013-05-24,Justin Lin,https://m.media-amazon.com/images/M/MV5BMTM3NTg2NDQzOF5BMl5BanBnXkFtZTcwNjc2NzQzOQ@@._V1_FMjpg_UX1000_._UX300.jpg
tt1596343,7,2022-05-12,Fast Five,Fast Five,https://www.imdb.com/title/tt1596343,Movie,7.3,130,2011,"Action, Thriller, Crime",427430,2011-04-29,Justin Lin,https://m.media-amazon.com/images/M/MV5BMTUxNTk5MTE0OF5BMl5BanBnXkFtZTcwMjA2NzY3NA@@._V1_FMjpg_UX1000_._UX300.jpg
tt1013752,6,2022-05-12,Fast & Furious,Fast & Furious,https://www.imdb.com/title/tt1013752,Movie,6.5,107,2009,"Action, Thriller",329839,2009-04-03,Justin Lin,https://m.media-amazon.com/images/M/MV5BM2Y1YzhkNzUtMzhmZC00OTFkLWJjZDktMWYzZmQ0Y2Y5ODcwXkEyXkFqcGc@._V1_FMjpg_UX1000_._UX300.jpg
tt0463985,5,2022-05-12,The Fast and the Furious: Tokyo Drift,The Fast and the Furious: Tokyo Drift,https://www.imdb.com/title/tt0463985,Movie,6.1,104,2006,"Action, Thriller, Crime",324136,2006-06-16,Justin Lin,https://m.media-amazon.com/images/M/MV5BMTQ2NTMxODEyNV5BMl5BanBnXkFtZTcwMDgxMjA0MQ@@._V1_FMjpg_UX1000_._UX300.jpg
tt0322259,5,2022-05-12,2 Fast 2 Furious,2 Fast 2 Furious,https://www.imdb.com/title/tt0322259,Movie,5.9,107,2003,"Crime, Thriller, Action",317330,2003-06-06,John Singleton,https://m.media-amazon.com/images/M/MV5BOTQzYzEwNWMtOTAwYy00YWYwLWE1NTEtZTkxOGQxZTM0M2VhXkEyXkFqcGc@._V1_FMjpg_UX1000_._UX300.jpg
tt0232500,5,2022-05-12,The Fast and the Furious,The Fast and the Furious,https://www.imdb.com/title/tt0232500,Movie,6.8,106,2001,"Crime, Thriller, Action",448285,2001-06-22,Rob Cohen,https://m.media-amazon.com/images/M/MV5BZGRiMDE1NTMtMThmZS00YjE4LWI1ODQtNjRkZGZlOTg2MGE1XkEyXkFqcGc@._V1_FMjpg_UX1000_._UX300.jpg
tt0319262,8,2022-05-12,The Day After Tomorrow,The Day After Tomorrow,https://www.imdb.com/title/tt0319262,Movie,6.5,124,2004,"Action, Adventure, Sci-Fi, Thriller",504655,2004-05-28,Roland Emmerich,https://m.media-amazon.com/images/M/MV5BOGZmNDYyNmMtNDQyNy00OTkzLTg1OGUtYWJiNmQ5Y2Q5ZGU3XkEyXkFqcGc@._V1_FMjpg_UX1000_._UX300.jpg
tt5013056,7,2022-05-12,Dunkirk,Dunkirk,https://www.imdb.com/title/tt5013056,Movie,7.8,106,2017,"War, Drama, Action, History, Thriller",791100,2017-07-21,Christopher Nolan,https://m.media-amazon.com/images/M/MV5BMTE0Mjg4MTMwMDZeQTJeQWpwZ15BbWU4MDAwMDQ1ODAy._V1_FMjpg_UX1000_._UX300.jpg
tt1663202,7,2022-05-12,The Revenant,The Revenant,https://www.imdb.com/title/tt1663202,Movie,8.0,156,2015,"Adventure, Drama, Western",928972,2016-01-08,Alejandro G. Iñárritu,https://m.media-amazon.com/images/M/MV5BYTgwNmQzZDctMjNmOS00OTExLTkwM2UtNzJmOTJhODFjOTdlXkEyXkFqcGc@._V1_FMjpg_UX1000_._UX300.jpg
tt6333072,7,2022-05-12,Joshua: Teenager vs. Superpower,Joshua: Teenager vs. Superpower,https://www.imdb.com/title/tt6333072,Movie,7.3,79,2017,Documentary,1722,2017-05-26,Joe Piscatella,https://m.media-amazon.com/images/M/MV5BMzhmMmU3NjAtM2YyZi00ZWEyLWI3NGItMjRmOGVlYWI2NDBjXkEyXkFqcGc@._V1_FMjpg_UX1000_._UX300.jpg
tt4967094,8,2022-05-12,Our Times,Wo de shao nü shi dai,https://www.imdb.com/title/tt4967094,Movie,7.4,134,2015,"Romance, Comedy",6579,2015-11-20,Yu Shan Chen,https://m.media-amazon.com/images/M/MV5BZDQyNjAwNjUtOWY4YS00YWMxLWFjMWEtZmNmOTk1NTA1NzA5XkEyXkFqcGc@._V1_FMjpg_UX1000_._UX300.jpg
tt1895587,8,2022-05-12,Spotlight,Spotlight,https://www.imdb.com/title/tt1895587,Movie,8.1,129,2015,"Drama, Crime, Biography",527858,2015-11-20,Tom McCarthy,https://m.media-amazon.com/images/M/MV5BMTEwNWQ1OGEtZGI4ZC00OTIyLWE3NGUtYWFlZDc4YzgxYWQ5XkEyXkFqcGc@._V1_FMjpg_UX1000_._UX300.jpg
tt4998632,4,2022-04-30,Ambulance,Ambulance,https://www.imdb.com/title/tt4998632,Movie,6.1,136,2022,"Action, Drama, Thriller, Crime",110320,2022-04-08,Michael Bay,https://m.media-amazon.com/images/M/MV5BNjg3ZGZmMDEtOTc4Ni00NTM2LThiM2MtZTA0ZjI0MTFiMzYzXkEyXkFqcGc@._V1_FMjpg_UX1000_._UX300.jpg
tt2463208,7,2022-04-29,The Adam Project,The Adam Project,https://www.imdb.com/title/tt2463208,Movie,6.7,106,2022,"Sci-Fi, Action, Adventure, Comedy",252356,2022-03-11,Shawn Levy,https://m.media-amazon.com/images/M/MV5BNWU1NDJlYWUtYWE1OC00MGVlLTliNzYtMjg4OTk0MWE4MDQ4XkEyXkFqcGc@._V1_FMjpg_UX1000_._UX300.jpg
tt0804484,9,2022-03-16,Foundation,Foundation,https://www.imdb.com/title/tt0804484,TV Series,7.6,60,2021,"Sci-Fi, Drama",121505,2021-09-24,,https://m.media-amazon.com/images/M/MV5BMzY5OGJhYzItNGQyOS00NmU3LWFhOWMtNGY1OGVlNTlmYjc0XkEyXkFqcGc@._V1_FMjpg_UX1000_._UX300.jpg
tt9737326,6,2022-03-14,Invasion,Invasion,https://www.imdb.com/title/tt9737326,TV Series,6.2,60,2021,"Sci-Fi, Drama, Fantasy",55342,2021-10-22,,https://m.media-amazon.com/images/M/MV5BOTU3ZTg4OTktODUyNi00N2U4LWIwYzYtNDAzZDE0MjgyOTM4XkEyXkFqcGc@._V1_FMjpg_UX1000_._UX300.jpg
tt7286456,8,2022-03-14,Joker,Joker,https://www.imdb.com/title/tt7286456,Movie,8.3,122,2019,"Crime, Drama, Thriller",1654491,2019-10-04,Todd Phillips,https://m.media-amazon.com/images/M/MV5BNzY3OWQ5NDktNWQ2OC00ZjdlLThkMmItMDhhNDk3NTFiZGU4XkEyXkFqcGc@._V1_FMjpg_UX1000_._UX300.jpg
tt5433138,6,2022-03-14,F9: The Fast Saga,F9,https://www.imdb.com/title/tt5433138,Movie,5.2,143,2021,"Action, Crime, Thriller",176142,2021-06-25,Justin Lin,https://m.media-amazon.com/images/M/MV5BZjY3MDU3ZGQtZGY4ZS00NTBmLTgzMTYtMDQyMzU2ZWEwNWQ5XkEyXkFqcGc@._V1_FMjpg_UX1000_._UX300.jpg
tt2096673,7,2022-03-14,Inside Out,Inside Out,https://www.imdb.com/title/tt2096673,Movie,8.1,95,2015,"Animation, Comedy, Family, Adventure, Drama, Fantasy",891943,2015-06-19,"Pete Docter,Ronnie Del Carmen",https://m.media-amazon.com/images/M/MV5BOTgxMDQwMDk0OF5BMl5BanBnXkFtZTgwNjU5OTg2NDE@._V1_FMjpg_UX1000_._UX300.jpg
tt10919420,3,2022-03-14,Squid Game,Ojing-eo geim,https://www.imdb.com/title/tt10919420,TV Series,8.0,60,2021,"Mystery, Thriller, Drama, Action, Crime",728299,2021-09-17,,https://m.media-amazon.com/images/M/MV5BYTU3ZDVhNmMtMDVlNC00MDc0LTgwNDMtYWE5MTI2ZGI4YWIwXkEyXkFqcGc@._V1_FMjpg_UX1000_._UX300.jpg
tt2948372,7,2022-03-14,Soul,Soul,https://www.imdb.com/title/tt2948372,Movie,8.0,100,2020,"Animation, Family, Adventure, Fantasy, Music, Comedy, Drama",419975,2020-12-25,"Pete Docter,Kemp Powers",https://m.media-amazon.com/images/M/MV5BMjUxMGY5MTMtZmE3NS00YjhjLWFkYzEtZjFkMGMzODVhMmRlXkEyXkFqcGc@._V1_FMjpg_UX1000_._UX300.jpg
tt15010478,7,2022-03-14,9/11: Inside the President's War Room,9/11: Inside the President's War Room,https://www.imdb.com/title/tt15010478,Movie,7.5,90,2021,"Documentary, History",4346,2021-09-01,Adam Wishart,https://m.media-amazon.com/images/M/MV5BYjIwZDYxMGMtMTNmZS00OThiLTg1NzUtNGMwYmU0MmZkZjA1XkEyXkFqcGc@._V1_FMjpg_UX1000_._UX300.jpg
tt14405280,8,2022-03-14,Till We Meet Again,Yue Lao,https://www.imdb.com/title/tt14405280,Movie,6.7,128,2021,"Romance, Drama, Fantasy, Comedy",1947,2021-11-24,Giddens Ko,https://m.media-amazon.com/images/M/MV5BMTZkYmJmMjYtNTUyNC00N2IyLWE3Y2UtMmQ4Y2IwMWZkNTk3XkEyXkFqcGc@._V1_FMjpg_UX1000_._UX300.jpg
tt12747236,8,2022-03-14,Do You Love Me As I Love You,"Ke bu ke yi, ni ye gang hao xi huan wo",https://www.imdb.com/title/tt12747236,Movie,5.7,109,2020,"Romance, Drama",1327,2020-08-21,Shiue Bin Jian,https://m.media-amazon.com/images/M/MV5BMzZiYWZlMzgtMWYwOS00ZWQ1LWJmOTMtOGE2YTE1YzViYjRlXkEyXkFqcGc@._V1_FMjpg_UX1000_._UX300.jpg
tt14428606,8,2022-03-14,Man in Love,Dang nan ren lian ai shi,https://www.imdb.com/title/tt14428606,Movie,7.1,115,2021,"Drama, Romance",4271,2021-04-01,Chen-Hao Yin,https://m.media-amazon.com/images/M/MV5BMzY3Zjc5ZTAtZjQ0NS00MzExLTkwOGQtYTMyYTE3Yjc1OGRhXkEyXkFqcGc@._V1_FMjpg_UX1000_._UX300.jpg
tt10044946,6,2022-03-14,A Trip with Your Wife,A Trip with Your Wife,https://www.imdb.com/title/tt10044946,Movie,6.3,95,2021,Comedy,29,2021-02-10,Gavin Lin,https://m.media-amazon.com/images/M/MV5BY2U3NDc3YTMtZGI0ZC00NDM0LTkxMmEtMDgwYzk1ZTUwYTJiXkEyXkFqcGc@._V1_FMjpg_UX1000_._UX300.jpg
tt7737786,5,2022-03-14,Greenland,Greenland,https://www.imdb.com/title/tt7737786,Movie,6.4,119,2020,"Thriller, Action",151686,2021-05-08,Ric Roman Waugh,https://m.media-amazon.com/images/M/MV5BYWRkMWE0ZjMtNTExNi00Y2QzLTlhYmItZTZhNWY1YzJkODIzXkEyXkFqcGc@._V1_FMjpg_UX1000_._UX300.jpg
tt8847712,3,2022-03-14,The French Dispatch,"The French Dispatch of the Liberty, Kansas Evening Sun",https://www.imdb.com/title/tt8847712,Movie,7.1,107,2021,"Comedy, Drama, Romance",163494,2021-10-22,Wes Anderson,https://m.media-amazon.com/images/M/MV5BZDk0NjkxYTYtYWFiYi00YWY4LWI3MjktMjY5MDAyMWU4NzJiXkEyXkFqcGc@._V1_FMjpg_UX1000_._UX300.jpg
tt10872600,9,2022-03-14,Spider-Man: No Way Home,Spider-Man: No Way Home,https://www.imdb.com/title/tt10872600,Movie,8.2,148,2021,"Action, Adventure, Sci-Fi, Fantasy",987716,2021-12-17,Jon Watts,https://m.media-amazon.com/images/M/MV5BOTk2MmQzZjMtM2JlMi00Y2JiLWE1Y2ItMDhlNGIxMjU4YWE3XkEyXkFqcGc@._V1_FMjpg_UX1000_._UX300.jpg
tt1160419,8,2022-03-14,Dune: Part One,Dune: Part One,https://www.imdb.com/title/tt1160419,Movie,8.0,155,2021,"Sci-Fi, Adventure, Drama, Action",989252,2021-10-22,Denis Villeneuve,https://m.media-amazon.com/images/M/MV5BNDUzZGI4NGMtZmIxZC00ZWQ4LTkxYmMtODQyNTViY2FkZTFiXkEyXkFqcGc@._V1_FMjpg_UX1000_._UX300.jpg
tt9777666,9,2022-03-14,The Tomorrow War,The Tomorrow War,https://www.imdb.com/title/tt9777666,Movie,6.6,138,2021,"Action, Sci-Fi, Adventure, Thriller, Drama",247703,2021-07-02,Chris McKay,https://m.media-amazon.com/images/M/MV5BYmUyNzY2YWYtNWQ0My00ODMwLTkwOTQtOTA0ZjM0MjRmYjJiXkEyXkFqcGc@._V1_FMjpg_UX1000_._UX300.jpg
tt9770150,4,2022-03-14,Nomadland,Nomadland,https://www.imdb.com/title/tt9770150,Movie,7.3,107,2020,Drama,197193,2021-02-19,Chloé Zhao,https://m.media-amazon.com/images/M/MV5BZGNkOWQ0ZjMtMTc4Ny00NDRhLTgyMjUtNzFmZDM0MTc3N2JjXkEyXkFqcGc@._V1_FMjpg_UX1000_._UX300.jpg
tt6264654,8,2022-03-14,Free Guy,Free Guy,https://www.imdb.com/title/tt6264654,Movie,7.1,115,2021,"Action, Comedy, Sci-Fi, Adventure, Fantasy, Romance",476674,2021-08-13,Shawn Levy,https://m.media-amazon.com/images/M/MV5BZWQ4ZjIwMzgtNWIyNS00NGJhLWFiM2QtYzY4MzYxN2FkZGY1XkEyXkFqcGc@._V1_FMjpg_UX1000_._UX300.jpg
tt3272066,6,2022-03-14,Reminiscence,Reminiscence,https://www.imdb.com/title/tt3272066,Movie,5.9,116,2021,"Sci-Fi, Thriller, Romance, Mystery",70053,2021-08-20,Lisa Joy,https://m.media-amazon.com/images/M/MV5BOGZmNDYxMWItYWZiMi00OWUwLWIzODYtMWViOTFhNjQxYWE2XkEyXkFqcGc@._V1_FMjpg_UX1000_._UX300.jpg
tt5886046,8,2022-03-14,Escape Room,Escape Room,https://www.imdb.com/title/tt5886046,Movie,6.4,99,2019,"Thriller, Action, Adventure, Mystery, Horror, Sci-Fi",156339,2019-01-04,Adam Robitel,https://m.media-amazon.com/images/M/MV5BMjQ2NDMwMTY3MF5BMl5BanBnXkFtZTgwNDg5OTc1NjM@._V1_FMjpg_UX1000_._UX300.jpg
tt9844522,7,2022-03-14,Escape Room: Tournament of Champions,Escape Room: Tournament of Champions,https://www.imdb.com/title/tt9844522,Movie,5.7,88,2021,"Mystery, Thriller, Horror, Action, Adventure, Sci-Fi",66922,2021-07-16,Adam Robitel,https://m.media-amazon.com/images/M/MV5BNWNlMjU3NGQtYTEwZC00NDE3LWFmMTgtZTEzNjA1OGZiZjI3XkEyXkFqcGc@._V1_FMjpg_UX1000_._UX300.jpg
tt1838556,7,2022-03-14,Honest Thief,Honest Thief,https://www.imdb.com/title/tt1838556,Movie,6.0,99,2020,"Thriller, Action, Crime, Drama",62313,2020-10-16,Mark Williams,https://m.media-amazon.com/images/M/MV5BNmY3Y2E0MzYtY2JjNy00MTNkLTllODYtZDIxY2ZkNWQ5MTRlXkEyXkFqcGc@._V1_FMjpg_UX1000_._UX300.jpg
tt4908644,10,2022-03-14,Winter on Fire: Ukraine's Fight for Freedom,Winter on Fire: Ukraine's Fight for Freedom,https://www.imdb.com/title/tt4908644,Movie,8.3,102,2015,"Documentary, History",21318,2015-10-09,Evgeny Afineevsky,https://m.media-amazon.com/images/M/MV5BNTY4MDgwOTI3M15BMl5BanBnXkFtZTgwNjYxMjU3NjE@._V1_FMjpg_UX1000_._UX300.jpg
tt6723592,8,2022-03-14,Tenet,Tenet,https://www.imdb.com/title/tt6723592,Movie,7.3,150,2020,"Action, Sci-Fi, Thriller",649631,2020-09-03,Christopher Nolan,https://m.media-amazon.com/images/M/MV5BNTIzNDIxMzktMzlkMi00MmUyLWFmMjQtZDgwMjBmOGJmNTI3XkEyXkFqcGc@._V1_FMjpg_UX1000_._UX300.jpg
tt10059518,5,2022-03-14,Unhinged,Unhinged,https://www.imdb.com/title/tt10059518,Movie,6.0,90,2020,"Thriller, Action",85270,2020-08-21,Derrick Borte,https://m.media-amazon.com/images/M/MV5BMmQ2OTZiNmUtZDc4MS00ODY2LTg2MzEtYzE1ZDFiMDRmNTM2XkEyXkFqcGc@._V1_FMjpg_UX1000_._UX300.jpg
tt13105824,8,2022-03-14,My Missing Valentine,Xiao shi de qing ren jie,https://www.imdb.com/title/tt13105824,Movie,7.1,119,2020,"Comedy, Romance, Drama, Mystery, Fantasy",2042,2020-09-18,Yu-Hsun Chen,https://m.media-amazon.com/images/M/MV5BODc0NjY4ZTEtZDlhZC00YmJjLWI4YmUtMGNhNmNjNmI3ZGRmXkEyXkFqcGc@._V1_FMjpg_UX1000_._UX300.jpg
tt4158110,8,2022-03-14,Mr. Robot,Mr. Robot,https://www.imdb.com/title/tt4158110,TV Series,8.5,45,2015,"Crime, Drama, Thriller",455775,2015-06-24,,https://m.media-amazon.com/images/M/MV5BOTg4NTBiZDAtZTc0YS00NzZlLTg4Y2ItNGQ3M2ZlMDM5MWQzXkEyXkFqcGc@._V1_FMjpg_UX1000_._UX300.jpg
tt11394276,8,2022-03-14,Assassins,Assassins,https://www.imdb.com/title/tt11394276,Movie,7.5,104,2020,"Documentary, Biography",3067,2020-12-11,Ryan White,https://m.media-amazon.com/images/M/MV5BZDJkOTRiZjAtNjc5Mi00NDMxLTljNTgtMTNkOGVlZmJjMGQ0XkEyXkFqcGc@._V1_FMjpg_UX1000_._UX300.jpg
tt13611604,8,2022-03-14,One Second Champion,Jat miu kyun wong,https://www.imdb.com/title/tt13611604,Movie,6.6,98,2020,Drama,573,2020-12-03,"Sin-Hang Chiu,Tsz-Hong Lok",https://m.media-amazon.com/images/M/MV5BYTU1YzNmNDAtYmJkNy00MmJlLTk5OTItNWZiM2E3NWViODkwXkEyXkFqcGc@._V1_FMjpg_UX1000_._UX300.jpg
tt8165192,6,2022-03-14,Raging Fire,Nou fo,https://www.imdb.com/title/tt8165192,Movie,6.5,126,2021,"Action, Crime, Adventure, Mystery, Thriller",6727,2021-07-30,Benny Chan,https://m.media-amazon.com/images/M/MV5BZjMxZTg0MDEtN2I1ZC00NDcwLWE5NDgtODJlNWNlMzAyODE1XkEyXkFqcGc@._V1_FMjpg_UX1000_._UX300.jpg
tt11810546,9,2022-03-14,Beyond the Dream,Waan'oi,https://www.imdb.com/title/tt11810546,Movie,7.1,119,2019,"Drama, Romance",1096,2020-07-02,Kiwi Chow,https://m.media-amazon.com/images/M/MV5BZTU2Y2U5MDEtMmM1Ny00MjlmLWE2YzQtZTQ5YWI1OGE2YTdlXkEyXkFqcGc@._V1_FMjpg_UX1000_._UX300.jpg
tt6048922,6,2022-03-13,Greyhound,Greyhound,https://www.imdb.com/title/tt6048922,Movie,7.0,91,2020,"Drama, War, History",128737,2020-07-10,Aaron Schneider,https://m.media-amazon.com/images/M/MV5BZTU3YzY0NjktMmRhMC00MzYyLWI0YmUtZGJkMzJjMWYwZDZkXkEyXkFqcGc@._V1_FMjpg_UX1000_._UX300.jpg
tt9032400,7,2022-03-13,Eternals,Eternals,https://www.imdb.com/title/tt9032400,Movie,6.2,156,2021,"Action, Fantasy, Sci-Fi, Adventure",418830,2021-11-05,Chloé Zhao,https://m.media-amazon.com/images/M/MV5BZTBiZjI2M2UtZTNiNy00NmU4LWJiMjYtZjk4MDIzMzhlMjFlXkEyXkFqcGc@._V1_FMjpg_UX1000_._UX300.jpg
tt9376612,7,2022-03-13,Shang-Chi and the Legend of the Ten Rings,Shang-Chi and the Legend of the Ten Rings,https://www.imdb.com/title/tt9376612,Movie,7.3,132,2021,"Action, Adventure, Fantasy, Sci-Fi",477509,2021-09-03,Destin Daniel Cretton,https://m.media-amazon.com/images/M/MV5BOGRjMzNmMzEtYzM4Yy00M2JhLWI0NjYtYzQ3Yjc2YjM1MDc3XkEyXkFqcGc@._V1_FMjpg_UX1000_._UX300.jpg
tt3480822,5,2022-03-13,Black Widow,Black Widow,https://www.imdb.com/title/tt3480822,Movie,6.6,134,2021,"Action, Adventure, Sci-Fi",466957,2021-07-09,Cate Shortland,https://m.media-amazon.com/images/M/MV5BMTljYjM0MjctY2EwZC00OGQ5LTgxMzAtM2M1NDYwOGExOGVjXkEyXkFqcGc@._V1_FMjpg_UX1000_._UX300.jpg
tt9208876,6,2022-03-13,The Falcon and the Winter Soldier,The Falcon and the Winter Soldier,https://www.imdb.com/title/tt9208876,TV Mini Series,7.1,50,2021,"Action, Adventure, Sci-Fi, Drama",275042,2021-03-19,,https://m.media-amazon.com/images/M/MV5BYmJkOGNlNmEtMmQyOS00YjZiLTgxM2EtNmEzNzUzNTU5ODYwXkEyXkFqcGc@._V1_FMjpg_UX1000_._UX300.jpg
tt9140554,8,2022-03-13,Loki,Loki,https://www.imdb.com/title/tt9140554,TV Series,8.2,50,2021,"Fantasy, Sci-Fi, Action, Adventure",459987,2021-06-09,,https://m.media-amazon.com/images/M/MV5BYzA2YjM2ZWQtYTZhMS00OTI3LTlhYzQtZjBiZWZkMDdlNjA5XkEyXkFqcGc@._V1_FMjpg_UX1000_._UX300.jpg
tt10577736,7,2022-03-13,Tehran,Tehran,https://www.imdb.com/title/tt10577736,TV Series,7.6,45,2020,"Thriller, Drama, Crime, Action",27824,2020-09-25,,https://m.media-amazon.com/images/M/MV5BMDA5ZTVjM2EtM2EwMy00NzJiLWI5MjktYWUwYzAwYjE5N2FkXkEyXkFqcGc@._V1_FMjpg_UX1000_._UX300.jpg
